CustomerID,Recency,Frequency,Monetary,Repurchase_Probability,Predicted_Label,Actual_Label
12346.0,295,1,77183.6,0.13,0,0
12347.0,9,6,4085.1800000000003,0.72,1,1
12348.0,44,4,1797.24,0.37,0,0
12350.0,279,1,334.4,0.04,0,0
12352.0,5,8,2506.04,0.32,0,0
12353.0,173,1,89.0,0.06,0,0
12354.0,201,1,1079.4,0.04,0,0
12355.0,183,1,459.4,0.03,0,0
12356.0,215,2,2753.08,0.71,1,1
12357.0,2,1,6207.67,0.13,0,0
12358.0,120,1,484.86,0.74,1,1
12359.0,27,4,6372.58,0.21,0,0
12360.0,21,3,2662.06,0.43,0,0
12361.0,256,1,189.9,0.03,0,0
12362.0,5,9,4697.19,0.96,1,1
12363.0,79,2,552.0,0.07,0,0
12364.0,9,3,1002.78,0.64,1,1
12365.0,260,2,641.38,0.06,0,0
12370.0,20,4,3545.69,0.23,0,0
12371.0,14,2,1887.96,0.11,0,0
12372.0,41,3,1298.04,0.05,0,0
12373.0,280,1,364.6,0.0,0,0
12375.0,67,1,230.3,0.64,1,1
12377.0,284,2,1628.12,0.24,0,0
12378.0,99,1,4008.62,0.12,0,0
12379.0,51,2,852.24,0.78,1,0
12380.0,26,3,1684.42,0.72,1,1
12381.0,2,4,1698.3,0.65,1,1
12383.0,154,5,1850.56,0.16,0,0
12384.0,91,1,292.69,0.64,1,1
12386.0,307,2,401.9,0.02,0,0
12388.0,45,5,2494.26,0.73,1,1
12390.0,49,1,549.84,0.11,0,0
12393.0,41,4,1582.6000000000001,0.16,0,0
12394.0,33,2,1272.48,0.05,0,0
12395.0,0,11,2752.8,0.93,1,1
12397.0,5,2,2409.9,0.17,0,0
12398.0,15,1,1635.6599999999999,0.07,0,0
12399.0,88,4,1108.65,0.57,1,0
12401.0,272,1,84.3,0.0,0,0
12402.0,292,1,225.6,0.03,0,0
12403.0,19,1,427.7,0.02,0,0
12405.0,118,1,1710.39,0.06,0,0
12406.0,153,1,1621.25,0.83,1,1
12407.0,19,5,1708.1200000000001,0.09,0,0
12408.0,2,5,2888.55,0.32,0,0
12409.0,48,3,11072.67,0.57,1,0
12410.0,278,2,693.3299999999999,0.24,0,0
12412.0,44,3,1226.88,0.3,0,0
12413.0,36,3,758.1,0.32,0,0
12414.0,186,3,562.41,0.22,0,0
12415.0,6,19,119559.13,0.99,1,1
12417.0,8,8,3279.37,0.83,1,1
12418.0,82,1,668.58,0.03,0,0
12420.0,33,1,600.39,0.56,1,0
12421.0,84,3,628.56,0.6,1,1
12422.0,65,3,803.5600000000001,0.3,0,0
12423.0,70,7,1650.67,0.76,1,1
12424.0,132,2,1760.96,0.14,0,0
12425.0,47,1,777.2,0.19,0,0
12426.0,164,1,582.73,0.02,0,0
12427.0,29,2,586.08,0.61,1,1
12428.0,89,8,7548.12,0.7,1,1
12429.0,142,3,2844.88,0.69,1,1
12430.0,12,1,256.4,0.16,0,0
12431.0,5,15,6487.45,0.71,1,0
12432.0,12,5,5059.32,0.81,1,0
12433.0,12,4,7893.89,0.77,1,1
12434.0,54,2,806.14,0.19,0,0
12435.0,49,2,7829.89,0.17,0,0
12436.0,69,1,509.01,0.12,0,0
12437.0,5,15,4294.5,0.89,1,1
12438.0,109,1,890.0699999999999,0.23,0,1
12441.0,336,1,173.55,0.14,0,0
12444.0,28,4,4068.82,0.67,1,1
12446.0,27,1,1002.3100000000001,0.3,0,0
12447.0,212,1,476.49,0.01,0,0
12448.0,13,1,449.45,0.06,0,0
12449.0,61,3,2724.58,0.78,1,1
12450.0,125,2,197.88,0.08,0,0
12451.0,34,3,7847.38,0.79,1,1
12453.0,103,1,707.09,0.18,0,0
12454.0,25,1,3528.34,0.06,0,0
12455.0,42,6,2466.86,0.13,0,0
12456.0,13,3,3181.04,0.24,0,0
12457.0,35,7,2363.23,0.53,1,0
12458.0,40,2,947.4,0.04,0,0
12461.0,63,2,826.88,0.59,1,0
12462.0,272,1,762.11,0.21,0,1
12463.0,22,4,1344.78,0.04,0,0
12464.0,75,6,780.55,0.75,1,1
12465.0,138,1,440.94,0.16,0,1
12468.0,157,2,729.5400000000001,0.38,0,0
12471.0,6,24,14891.26,1.0,1,1
12472.0,1,7,6572.11,0.29,0,0
12473.0,23,3,2884.23,0.68,1,1
12474.0,19,16,6197.06,0.98,1,1
12475.0,23,1,723.38,0.39,0,0
12476.0,15,9,4822.43,0.97,1,1
12477.0,25,5,11182.05,0.9,1,1
12480.0,112,3,2144.95,0.78,1,1
12481.0,35,9,5409.5199999999995,0.92,1,1
12483.0,10,7,2078.26,0.88,1,1
12484.0,2,6,4541.72,0.33,0,0
12488.0,9,2,767.45,0.69,1,1
12489.0,305,1,334.93,0.23,0,0
12490.0,6,7,4186.03,0.94,1,1
12491.0,8,1,460.40000000000003,0.29,0,0
12492.0,32,2,263.21000000000004,0.14,0,0
12493.0,135,2,433.74,0.02,0,0
12494.0,9,6,1083.6000000000001,0.93,1,1
12497.0,51,1,1043.1,0.03,0,0
12498.0,27,1,247.25,0.25,0,1
12500.0,19,10,3640.78,0.94,1,1
12501.0,306,1,2169.39,0.02,0,0
12502.0,65,5,3723.87,0.26,0,0
12506.0,202,1,73.5,0.0,0,0
12507.0,103,3,1304.81,0.13,0,0
12509.0,253,1,176.5,0.03,0,0
12510.0,112,2,982.5699999999999,0.06,0,0
12512.0,35,2,138.03,0.52,1,0
12513.0,82,1,612.29,0.06,0,0
12514.0,236,1,1017.68,0.02,0,0
12515.0,322,1,383.7,0.0,0,0
12516.0,47,2,1312.06,0.14,0,0
12517.0,43,3,1955.9,0.79,1,1
12518.0,28,3,1230.79,0.76,1,1
12519.0,33,1,340.84,0.23,0,0
12520.0,48,5,2634.26,0.64,1,0
12521.0,112,1,599.68,0.02,0,0
12522.0,8,2,192.72,0.02,0,0
12523.0,13,10,1527.35,0.99,1,1
12524.0,33,7,4177.92,0.69,1,1
12526.0,23,2,1039.58,0.78,1,1
12527.0,51,3,348.71000000000004,0.04,0,0
12528.0,33,5,1561.88,0.85,1,1
12530.0,29,4,1662.28,0.31,0,0
12534.0,100,1,1089.18,0.34,0,0
12535.0,61,2,716.35,0.12,0,0
12536.0,12,3,12601.830000000002,0.67,1,0
12539.0,231,3,4517.69,0.72,1,1
12540.0,0,16,12511.97,0.84,1,1
12541.0,142,2,536.14,0.69,1,1
12544.0,5,1,372.7,0.06,0,0
12545.0,44,2,1000.39,0.17,0,0
12546.0,16,2,1161.5,0.58,1,0
12547.0,167,2,207.79999999999998,0.01,0,0
12548.0,135,1,95.19999999999999,0.07,0,0
12550.0,48,1,964.83,0.21,0,0
12551.0,327,1,168.0,0.0,0,0
12552.0,8,2,437.82,0.2,0,0
12553.0,27,8,2897.14,0.88,1,1
12556.0,19,2,603.71,0.21,0,0
12557.0,127,4,9000.960000000001,0.79,1,1
12559.0,280,2,561.71,0.02,0,0
12560.0,81,2,1436.31,0.67,1,1
12561.0,272,1,238.85,0.29,0,0
12562.0,25,5,2507.4700000000003,0.73,1,1
12564.0,230,1,456.9,0.0,0,0
12565.0,258,1,145.92,0.02,0,0
12566.0,55,1,351.65,0.06,0,0
12567.0,65,9,7849.98,0.92,1,1
12569.0,5,22,2966.65,0.98,1,1
12571.0,9,2,519.61,0.14,0,0
12572.0,21,1,532.74,0.66,1,1
12573.0,196,1,160.54000000000002,0.11,0,0
12574.0,285,1,218.45,0.13,0,0
12576.0,5,5,1315.83,0.4,0,0
12577.0,4,3,657.8,0.03,0,0
12578.0,299,1,1608.66,0.15,0,1
12579.0,47,1,440.42,0.03,0,0
12580.0,216,1,415.7,0.01,0,0
12581.0,9,1,197.71,0.19,0,0
12582.0,208,2,511.36,0.04,0,0
12583.0,1,13,6188.89,0.96,1,1
12584.0,9,7,1723.45,0.9,1,1
12585.0,203,2,2040.1,0.11,0,0
12588.0,8,1,214.89999999999998,0.09,0,0
12589.0,114,1,131.5,0.71,1,1
12590.0,180,2,9864.26,0.19,0,0
12591.0,286,1,452.84999999999997,0.11,0,0
12592.0,61,2,437.6,0.24,0,0
12593.0,78,3,418.09999999999997,0.03,0,0
12594.0,7,10,3338.2200000000003,0.97,1,0
12596.0,20,2,618.27,0.11,0,0
12597.0,9,3,3605.26,0.74,1,1
12598.0,40,5,1946.1399999999999,0.67,1,1
12599.0,96,6,857.04,0.76,1,1
12600.0,53,9,2219.46,0.9,1,1
12601.0,159,5,577.0600000000001,0.1,0,0
12602.0,28,1,153.12,0.01,0,0
12604.0,48,2,254.18,0.1,0,0
12607.0,29,1,1579.51,0.14,0,0
12609.0,47,3,1126.85,0.01,0,0
12610.0,13,4,1851.34,0.32,0,1
12611.0,21,1,1193.32,0.14,0,0
12612.0,43,1,704.0400000000001,0.38,0,0
12613.0,26,5,3344.38,0.07,0,0
12614.0,247,1,315.6,0.0,0,0
12615.0,6,3,1868.34,0.73,1,1
12616.0,64,2,713.3,0.3,0,0
12619.0,3,8,3242.54,0.88,1,1
12620.0,50,2,939.3199999999999,0.89,1,1
12621.0,22,18,11891.19,0.98,1,1
12622.0,201,1,180.1,0.0,0,0
12623.0,245,1,305.1,0.1,0,0
12624.0,75,2,641.13,0.05,0,0
12625.0,181,2,2683.82,0.34,0,0
12626.0,12,8,6368.51,0.82,1,1
12627.0,33,6,3911.55,0.87,1,1
12628.0,2,2,571.21,0.68,1,1
12630.0,13,1,701.79,0.74,1,1
12631.0,26,1,640.5,0.29,0,0
12633.0,28,4,2163.98,0.03,0,0
12635.0,59,2,1689.18,0.14,0,0
12637.0,36,8,6021.9,0.28,0,0
12638.0,2,1,671.69,0.06,0,0
12639.0,208,1,486.1,0.02,0,0
12640.0,51,1,764.59,0.73,1,1
12641.0,84,1,185.9,0.29,0,0
12642.0,20,2,658.41,0.05,0,1
12643.0,97,6,3344.64,0.19,0,0
12644.0,99,1,477.91,0.26,0,0
12645.0,3,4,1775.18,0.07,0,0
12646.0,18,1,731.6899999999999,0.65,1,1
12647.0,47,11,3401.67,0.95,1,1
12648.0,124,1,318.05,0.04,0,0
12649.0,76,3,623.51,0.13,0,0
12651.0,304,1,114.0,0.23,0,0
12652.0,300,1,919.98,0.19,0,0
12653.0,118,2,2209.85,0.04,0,0
12654.0,6,4,508.98,0.27,0,1
12656.0,42,4,3465.42,0.78,1,1
12657.0,11,2,660.94,0.68,1,1
12662.0,22,8,3175.28,0.84,1,1
12664.0,5,7,3681.88,0.55,1,1
12665.0,294,1,63.0,0.05,0,0
12667.0,27,1,620.13,0.46,0,0
12668.0,228,3,2924.4700000000003,0.81,1,1
12669.0,120,3,2744.0299999999997,0.27,0,0
12670.0,68,3,1634.47,0.65,1,1
12672.0,299,1,225.89999999999998,0.01,0,0
12673.0,296,1,220.9,0.59,1,1
12674.0,8,4,1970.6,0.28,0,0
12676.0,40,5,1149.73,0.89,1,1
12678.0,11,12,17628.46,0.4,0,0
12679.0,28,4,1113.02,0.25,0,0
12680.0,42,3,613.36,0.79,1,1
12681.0,0,19,11988.22,0.71,1,1
12682.0,7,25,10051.6,0.92,1,1
12683.0,19,13,7679.09,0.99,1,1
12684.0,33,5,1627.24,0.76,1,1
12685.0,20,5,2449.96,0.49,0,1
12686.0,341,1,89.14,0.18,0,0
12688.0,83,1,4873.8099999999995,0.2,0,0
12689.0,97,1,511.03,0.58,1,1
12690.0,175,1,389.01,0.02,0,0
12691.0,27,5,859.4,0.88,1,1
12693.0,96,4,855.91,0.13,0,0
12694.0,39,2,869.67,0.12,0,0
12695.0,35,3,497.0,0.74,1,1
12697.0,100,2,733.91,0.68,1,1
12700.0,35,3,3625.24,0.37,0,1
12701.0,49,2,797.71,0.55,1,0
12703.0,40,1,283.55,0.15,0,0
12704.0,5,5,1907.75,0.7,1,1
12705.0,11,6,5973.59,0.85,1,1
12707.0,261,1,603.42,0.0,0,0
12708.0,2,9,2679.91,0.82,1,1
12709.0,12,14,8857.42,0.98,1,1
12710.0,66,3,1149.02,0.1,0,0
12712.0,18,12,4163.4800000000005,0.54,1,1
12714.0,76,4,3389.7,0.8,1,1
12715.0,75,1,353.86,0.04,0,0
12716.0,102,1,677.9,0.67,1,1
12717.0,120,2,1030.98,0.04,0,0
12718.0,40,1,238.25,0.32,0,0
12719.0,34,1,283.6,0.73,1,1
12720.0,9,21,4554.16,0.92,1,1
12721.0,1,6,2656.13,0.33,0,0
12722.0,54,4,997.63,0.06,0,0
12723.0,34,2,299.40999999999997,0.83,1,1
12724.0,51,3,823.1700000000001,0.27,0,1
12725.0,340,1,427.8,0.16,0,0
12726.0,55,6,1824.6399999999999,0.98,1,1
12727.0,64,6,3337.7,0.72,1,1
12728.0,40,4,836.33,0.24,0,0
12729.0,83,1,453.01,0.18,0,0
12731.0,20,11,17398.39,0.93,1,1
12732.0,149,1,236.26000000000002,0.22,0,0
12733.0,203,1,383.95,0.04,0,0
12734.0,322,1,110.39999999999999,0.17,0,0
12735.0,284,2,779.5699999999999,0.23,0,0
12736.0,302,1,234.0,0.02,0,0
12738.0,341,1,155.35,0.18,0,0
12739.0,47,2,1013.04,0.21,0,0
12740.0,33,1,427.6,0.01,0,0
12743.0,103,2,546.43,0.02,0,0
12744.0,21,7,21279.29,0.58,1,0
12747.0,36,9,3444.7799999999997,0.95,1,1
12748.0,0,163,23403.66,1.0,1,1
12749.0,100,3,2755.23,0.8,1,1
12750.0,98,1,275.88,0.09,0,0
12752.0,50,1,4366.78,0.01,0,0
12753.0,105,5,16620.91,0.92,1,1
12754.0,205,3,3010.74,0.64,1,0
12755.0,250,2,3811.95,0.38,0,0
12756.0,56,1,112.07999999999998,0.05,0,0
12757.0,20,10,7161.6,0.97,1,1
12758.0,86,2,2791.59,0.17,0,0
12759.0,21,3,1531.44,0.24,0,0
12763.0,107,2,494.08,0.18,0,0
12764.0,286,1,1693.88,0.02,0,0
12766.0,27,6,6271.2,0.86,1,1
12769.0,208,1,1143.6,0.07,0,0
12770.0,180,1,1351.45,0.22,0,0
12772.0,29,1,892.47,0.05,0,0
12775.0,159,4,1164.68,0.7,1,1
12778.0,32,5,663.99,0.92,1,1
12779.0,7,8,3981.36,0.23,0,0
12781.0,33,2,826.74,0.17,0,0
12782.0,119,4,2078.67,0.69,1,1
12783.0,2,5,1825.33,0.77,1,1
12785.0,333,1,311.95,0.02,0,0
12787.0,61,2,344.65999999999997,0.69,1,1
12789.0,34,1,91.85,0.0,0,0
12790.0,161,1,324.92,0.02,0,0
12791.0,343,1,192.60000000000002,0.18,0,0
12792.0,226,1,400.53999999999996,0.04,0,0
12793.0,304,2,545.48,0.04,0,0
12794.0,22,2,860.41,0.31,0,0
12797.0,335,1,254.03,0.01,0,0
12798.0,13,2,3325.44,0.53,1,1
12802.0,156,1,427.58,0.05,0,0
12808.0,6,3,483.65000000000003,0.13,0,0
12809.0,147,1,489.31,0.05,0,0
12811.0,230,3,514.85,0.2,0,0
12812.0,14,1,229.64000000000001,0.16,0,0
12814.0,71,1,125.92,0.14,0,0
12815.0,117,2,1063.46,0.11,0,0
12816.0,65,2,572.2,0.42,0,0
12817.0,250,1,166.04,0.09,0,0
12818.0,231,1,1542.08,0.02,0,0
12820.0,13,3,731.99,0.83,1,1
12821.0,183,1,92.72,0.0,0,0
12822.0,40,2,948.88,0.03,0,0
12823.0,44,5,1759.5,0.13,0,0
12824.0,29,1,397.12,0.0,0,0
12826.0,41,5,1052.6200000000001,0.92,1,1
12827.0,2,2,318.7,0.42,0,1
12828.0,35,4,661.3100000000001,0.72,1,1
12829.0,306,2,293.0,0.01,0,0
12830.0,7,6,6814.64,0.28,0,0
12831.0,231,1,215.05,0.13,0,0
12832.0,1,2,383.03,0.24,0,0
12833.0,114,1,417.38,0.06,0,0
12834.0,252,1,312.38,0.01,0,0
12836.0,28,4,2612.86,0.04,0,0
12837.0,142,1,134.1,0.13,0,0
12838.0,3,2,683.13,0.3,0,0
12839.0,12,11,3763.85,0.96,1,1
12840.0,113,4,2726.77,0.64,1,0
12841.0,13,21,3581.9,0.97,1,1
12842.0,39,2,1118.99,0.19,0,0
12843.0,35,8,1702.26,0.76,1,0
12844.0,99,1,174.88,0.04,0,1
12845.0,236,4,354.09,0.06,0,0
12849.0,0,2,1050.8899999999999,0.11,0,0
12851.0,66,1,135.18,0.17,0,0
12852.0,264,1,311.55,0.01,0,0
12853.0,104,6,1957.1000000000001,0.24,0,0
12854.0,48,3,1324.5,0.25,0,0
12855.0,342,1,38.1,0.43,0,0
12856.0,8,3,1353.32,0.18,0,1
12857.0,180,2,1106.4,0.11,0,0
12863.0,21,1,521.2,0.24,0,0
12864.0,107,1,147.12,0.18,0,0
12865.0,93,1,981.38,0.76,1,1
12866.0,252,1,559.12,0.01,0,0
12867.0,65,6,3025.74,0.67,1,1
12868.0,155,6,1607.0600000000002,0.06,0,0
12871.0,53,2,380.64,0.12,0,0
12872.0,296,2,599.97,0.01,0,0
12873.0,251,1,374.0,0.0,0,0
12875.0,112,2,343.2300000000001,0.03,0,0
12876.0,27,2,2218.02,0.16,0,0
12877.0,47,10,1160.3700000000001,0.74,1,1
12878.0,205,2,854.99,0.04,0,0
12879.0,14,3,573.22,0.45,0,0
12881.0,245,1,298.0,0.19,0,0
12882.0,3,1,471.84000000000003,0.49,0,1
12883.0,58,1,291.63,0.65,1,1
12884.0,57,1,309.05,0.18,0,0
12885.0,32,3,1175.22,0.11,0,0
12886.0,37,2,1378.4,0.07,0,0
12888.0,183,2,354.12,0.01,0,0
12891.0,155,3,331.0,0.03,0,0
12893.0,0,1,188.14,0.16,0,0
12895.0,11,2,372.8,0.07,0,0
12897.0,174,2,216.5,0.06,0,0
12901.0,7,24,15224.23,0.99,1,1
12902.0,234,1,138.68,0.0,0,0
12904.0,141,1,244.69,0.67,1,1
12906.0,47,2,1936.5900000000001,0.78,1,1
12908.0,145,2,750.0,0.38,0,0
12909.0,9,5,2178.67,0.21,0,0
12910.0,33,6,2616.58,0.75,1,1
12912.0,10,1,318.06,0.11,0,1
12913.0,252,3,866.39,0.13,0,1
12915.0,118,2,363.65,0.1,0,0
12916.0,108,4,3006.15,0.54,1,0
12917.0,97,1,594.0,0.29,0,0
12919.0,1,4,777.77,0.8,1,1
12921.0,0,33,13533.0,1.0,1,1
12922.0,130,1,405.38,0.05,0,0
12923.0,33,1,176.97,0.0,0,0
12924.0,57,4,933.7,0.12,0,0
12925.0,44,1,368.31,0.61,1,1
12928.0,4,5,2062.7000000000003,0.08,0,0
12929.0,281,1,117.85,0.02,0,0
12930.0,47,2,415.8,0.12,0,0
12931.0,36,12,34440.06,0.93,1,1
12933.0,140,2,357.49,0.64,1,1
12935.0,79,4,1535.34,0.75,1,1
12936.0,47,1,798.46,0.7,1,1
12937.0,40,3,826.44,0.75,1,1
12939.0,33,8,11581.8,0.22,0,0
12940.0,24,2,913.54,0.15,0,0
12942.0,100,3,683.9,0.13,0,0
12944.0,5,2,604.51,0.07,0,0
12945.0,257,1,462.95,0.0,0,0
12947.0,113,6,1603.99,0.65,1,0
12948.0,13,6,1855.01,0.82,1,1
12949.0,0,8,4167.22,0.26,0,0
12951.0,143,5,751.78,0.76,1,1
12952.0,12,3,1090.06,0.49,0,1
12955.0,7,8,3107.92,0.85,1,1
12956.0,275,1,108.07,0.0,0,0
12957.0,41,6,2640.7200000000003,0.48,0,1
12962.0,82,1,170.54000000000002,0.65,1,1
12963.0,22,3,724.93,0.9,1,1
12965.0,58,1,771.91,0.07,0,0
12967.0,327,2,1660.9,0.44,0,0
12968.0,81,1,135.95,0.06,0,0
12970.0,291,2,23.8,0.66,1,1
12971.0,1,73,9272.36,0.99,1,1
12974.0,167,1,144.8,0.0,0,0
12976.0,181,1,738.6,0.05,0,0
12977.0,125,1,39.239999999999995,0.0,0,0
12980.0,127,9,7374.900000000001,0.2,0,0
12981.0,102,1,187.18,0.04,0,1
12982.0,212,1,390.54,0.0,0,0
12987.0,43,2,558.7,0.11,0,0
12988.0,261,1,535.32,0.02,0,0
12989.0,23,12,6440.02,0.96,1,1
12990.0,0,3,409.5,0.65,1,0
12991.0,81,1,303.56,0.08,0,1
12993.0,90,3,372.4,0.09,0,1
12994.0,89,2,645.47,0.07,0,1
12995.0,54,1,211.32,0.09,0,0
12997.0,58,3,916.39,0.82,1,1
12999.0,165,3,455.88,0.0,0,0
13000.0,76,3,534.85,0.06,0,0
13001.0,127,11,8615.42,0.79,1,1
13002.0,287,1,120.94999999999999,0.06,0,0
13003.0,75,3,149.05,0.13,0,0
13004.0,5,16,4993.93,0.97,1,1
13005.0,143,2,513.7,0.13,0,0
13006.0,25,1,81.57,0.0,0,0
13008.0,292,1,229.46999999999997,0.03,0,0
13011.0,341,1,50.550000000000004,0.5,0,0
13012.0,47,5,1205.8400000000001,0.89,1,1
13013.0,5,11,4218.1900000000005,0.99,1,1
13014.0,1,8,2845.48,0.82,1,1
13015.0,22,5,3346.28,0.06,0,0
13016.0,42,3,789.89,0.11,0,0
13018.0,0,24,6493.0,1.0,1,1
13021.0,7,7,1918.38,0.87,1,1
13023.0,33,2,689.9,0.1,0,0
13026.0,1,4,774.84,0.68,1,1
13027.0,83,6,6912.0,0.32,0,0
13028.0,14,1,355.94,0.71,1,1
13029.0,0,3,1247.5,0.04,0,0
13030.0,337,1,427.74,0.62,1,1
13032.0,21,2,1010.18,0.3,0,0
13033.0,326,1,190.55,0.08,0,0
13034.0,24,2,642.77,0.03,0,0
13035.0,43,2,921.88,0.16,0,0
13037.0,107,3,881.07,0.18,0,0
13038.0,49,3,908.46,0.15,0,0
13040.0,2,1,303.25,0.43,0,1
13043.0,242,1,516.42,0.0,0,0
13044.0,260,1,560.47,0.01,0,0
13045.0,68,1,305.28000000000003,0.05,0,0
13046.0,0,2,629.31,0.13,0,0
13047.0,1,10,3237.54,0.27,0,0
13048.0,83,3,1375.05,0.65,1,1
13049.0,33,2,656.6800000000001,0.01,0,0
13050.0,15,15,5124.51,0.88,1,1
13052.0,181,1,348.15000000000003,0.07,0,0
13055.0,47,3,1214.41,0.06,0,0
13058.0,27,2,137.70000000000002,0.75,1,1
13059.0,219,1,183.4,0.03,0,0
13060.0,223,1,307.53,0.11,0,0
13061.0,41,1,248.61,0.16,0,0
13062.0,160,1,346.98,0.06,0,0
13064.0,57,3,842.33,0.87,1,1
13065.0,342,1,205.86,0.12,0,0
13066.0,1,1,151.81,0.74,1,1
13067.0,51,1,115.46000000000001,0.02,0,0
13068.0,289,1,165.0,0.28,0,1
13069.0,22,22,3999.79,1.0,1,1
13070.0,161,1,228.8,0.19,0,0
13072.0,236,1,177.15,0.0,0,0
13075.0,99,1,919.61,0.35,0,0
13077.0,259,3,577.44,0.64,1,1
13078.0,2,22,10197.17,0.88,1,1
13079.0,44,3,172.4,0.69,1,1
13080.0,148,1,58.08,0.03,0,0
13081.0,5,9,26141.46,0.88,1,1
13082.0,95,9,3613.63,0.21,0,0
13083.0,45,1,192.39,0.61,1,1
13085.0,127,2,416.08000000000004,0.05,0,0
13089.0,1,87,50777.41,1.0,1,1
13090.0,0,12,7979.68,0.7,1,1
13092.0,40,5,477.83,0.15,0,0
13093.0,245,8,7832.47,0.25,0,0
13094.0,49,11,1774.68,0.96,1,1
13095.0,40,1,74.39999999999999,0.0,0,0
13097.0,2,10,6010.42,0.72,1,0
13098.0,12,22,22761.9,0.99,1,1
13099.0,68,1,207.35999999999999,0.07,0,0
13101.0,203,1,101.19,0.0,0,0
13102.0,11,21,5658.96,0.91,1,1
13103.0,9,1,243.94,0.17,0,0
13104.0,16,5,759.0,0.79,1,1
13106.0,102,1,76.5,0.01,0,0
13107.0,13,4,1531.6200000000001,0.27,0,0
13108.0,342,1,350.06,0.07,0,0
13109.0,29,2,786.54,0.12,0,0
13110.0,0,7,1488.67,0.17,0,0
13113.0,9,22,11569.800000000001,0.98,1,1
13115.0,26,3,1795.22,0.88,1,1
13116.0,107,1,501.14,0.06,0,0
13117.0,91,7,841.77,0.84,1,1
13118.0,177,3,799.7,0.19,0,1
13120.0,208,1,30.599999999999998,0.01,0,0
13121.0,238,1,283.73,0.01,0,0
13122.0,63,2,922.39,0.44,0,0
13124.0,59,3,3866.33,0.15,0,0
13126.0,14,7,1730.2,0.88,1,1
13127.0,47,1,259.17,0.15,0,0
13130.0,63,1,64.0,0.0,0,0
13131.0,40,2,772.2,0.14,0,1
13132.0,231,1,77.3,0.13,0,0
13133.0,243,2,109.8,0.07,0,0
13134.0,55,4,1793.58,0.26,0,0
13135.0,166,1,3096.0,0.3,0,0
13136.0,25,5,2607.61,0.68,1,0
13137.0,10,6,2507.41,0.94,1,1
13138.0,16,5,831.69,0.97,1,1
13139.0,2,6,4711.42,0.78,1,1
13140.0,77,3,423.72,0.02,0,0
13141.0,54,5,2388.75,0.74,1,0
13144.0,302,1,110.95,0.15,0,0
13145.0,9,4,618.52,0.16,0,0
13147.0,0,3,475.20000000000005,0.57,1,1
13148.0,103,10,2789.87,0.79,1,1
13149.0,75,3,1132.62,0.66,1,1
13151.0,265,1,1257.8700000000001,0.02,0,0
13155.0,2,4,971.76,0.33,0,0
13157.0,18,4,1741.22,0.35,0,0
13158.0,64,4,1201.06,0.07,0,0
13159.0,19,3,1155.29,0.81,1,1
13161.0,282,1,112.75,0.04,0,0
13162.0,91,4,1688.29,0.06,0,0
13165.0,15,2,1021.48,0.26,0,0
13166.0,252,1,417.2,0.0,0,0
13167.0,36,3,659.67,0.75,1,1
13168.0,5,4,1319.19,0.26,0,0
13169.0,33,2,712.88,0.0,0,0
13171.0,18,2,272.89,0.14,0,1
13173.0,336,1,165.94,0.44,0,1
13174.0,285,2,2108.27,0.6,1,1
13176.0,15,1,492.84,0.09,0,0
13177.0,34,1,282.45,0.68,1,0
13178.0,5,10,5418.99,0.84,1,1
13182.0,14,1,121.18,0.17,0,0
13183.0,6,8,3528.7200000000003,0.48,0,1
13184.0,100,9,1504.44,0.92,1,1
13185.0,237,1,71.4,0.06,0,0
13186.0,9,3,1575.89,0.15,0,0
13187.0,306,1,236.02,0.01,0,0
13189.0,84,1,127.0,0.55,1,1
13192.0,64,2,911.94,0.53,1,0
13193.0,30,1,117.88,0.01,0,0
13194.0,105,1,60.7,0.0,0,0
13196.0,54,2,1586.95,0.72,1,1
13198.0,90,5,3009.18,0.85,1,1
13199.0,1,29,7686.38,0.97,1,1
13200.0,43,2,627.01,0.3,0,1
13203.0,8,3,706.24,0.68,1,1
13207.0,120,1,197.52000000000004,0.17,0,1
13208.0,28,6,1223.9,0.17,0,0
13209.0,98,5,4156.08,0.86,1,1
13210.0,63,1,353.48,0.02,0,0
13211.0,64,2,886.64,0.8,1,1
13212.0,30,2,291.47,0.72,1,1
13213.0,26,5,1520.58,0.2,0,0
13216.0,237,1,333.74,0.01,0,0
13217.0,91,3,533.98,0.1,0,0
13218.0,96,1,62.63999999999999,0.0,0,0
13220.0,47,4,819.2900000000001,0.12,0,0
13221.0,209,2,847.41,0.12,0,0
13223.0,169,2,163.20000000000002,0.01,0,0
13224.0,29,2,2155.95,0.08,0,0
13225.0,29,6,5100.64,0.91,1,1
13226.0,242,1,108.21000000000001,0.12,0,0
13227.0,171,1,257.7,0.04,0,0
13228.0,50,1,358.0,0.01,0,0
13229.0,195,1,160.95,0.1,0,0
13230.0,107,12,2234.18,0.41,0,1
13232.0,67,5,1048.3,0.77,1,1
13233.0,43,2,605.12,0.41,0,0
13235.0,181,1,1031.07,0.09,0,0
13236.0,76,1,439.23,0.69,1,1
13238.0,133,2,318.85,0.66,1,1
13239.0,231,1,329.56,0.03,0,0
13240.0,65,4,663.65,0.11,0,0
13242.0,81,3,270.40000000000003,0.23,0,0
13243.0,172,1,600.07,0.08,0,0
13244.0,62,1,121.74000000000001,0.01,0,0
13245.0,20,1,430.5,0.01,0,0
13246.0,145,5,1860.99,0.81,1,1
13247.0,20,2,390.87,0.26,0,1
13248.0,94,2,465.68,0.53,1,0
13249.0,61,3,711.41,0.42,0,0
13253.0,126,2,1030.4,0.07,0,0
13255.0,343,1,225.7,0.02,0,1
13258.0,174,1,224.62,0.87,1,1
13259.0,31,1,292.32,0.11,0,0
13260.0,30,1,557.62,0.15,0,0
13261.0,238,2,944.1,0.05,0,0
13262.0,232,1,200.29,0.04,0,0
13263.0,12,31,6584.14,0.98,1,1
13265.0,22,5,2107.66,0.04,0,0
13266.0,12,10,3223.69,0.96,1,1
13267.0,5,16,3487.03,0.96,1,1
13268.0,8,8,2882.23,0.6,1,1
13269.0,35,11,3917.85,0.92,1,1
13270.0,335,1,590.0,0.19,0,0
13271.0,6,1,217.38,0.35,0,0
13272.0,0,2,276.56,0.22,0,0
13273.0,82,1,138.98,0.07,0,0
13276.0,33,2,590.9300000000001,0.1,0,0
13277.0,85,2,125.9,0.11,0,1
13278.0,10,1,542.73,0.04,0,0
13279.0,47,1,137.75,0.63,1,0
13280.0,91,3,814.86,0.39,0,0
13282.0,131,2,773.1,0.66,1,1
13283.0,29,2,93.66,0.1,0,0
13284.0,300,1,201.19,0.06,0,0
13285.0,130,3,1970.1,0.75,1,1
13291.0,125,1,361.11,0.02,0,0
13292.0,8,2,578.9399999999999,0.14,0,0
13294.0,159,2,873.74,0.17,0,0
13295.0,329,1,201.20000000000002,0.1,0,0
13296.0,106,1,87.4,0.07,0,0
13297.0,36,1,1315.3799999999999,0.21,0,1
13299.0,237,1,142.5,0.0,0,0
13300.0,138,1,371.89,0.03,0,0
13301.0,73,4,618.09,0.09,0,0
13302.0,124,1,63.75,0.03,0,0
13304.0,320,1,300.42,0.02,0,0
13305.0,62,8,1471.25,0.87,1,1
13307.0,89,1,15.0,0.0,0,0
13308.0,21,2,1099.63,0.75,1,1
13309.0,14,4,1221.91,0.79,1,1
13310.0,175,2,817.65,0.25,0,1
13311.0,119,1,490.11,0.22,0,1
13313.0,5,4,1242.64,0.83,1,1
13314.0,32,2,589.47,0.13,0,1
13316.0,6,4,5977.7300000000005,0.16,0,0
13317.0,35,6,2273.68,0.22,0,0
13318.0,6,1,302.96,0.69,1,1
13319.0,36,21,8248.58,0.98,1,1
13320.0,47,4,1548.7,0.37,0,0
13321.0,41,2,567.36,0.08,0,0
13323.0,1,2,218.0,0.79,1,1
13324.0,5,10,7121.95,0.39,0,0
13325.0,51,1,675.3,0.49,0,0
13327.0,8,8,3627.77,0.16,0,0
13328.0,285,1,1308.48,0.06,0,0
13329.0,1,2,789.0,0.1,0,0
13330.0,62,3,1140.93,0.08,0,0
13334.0,51,3,3536.82,0.16,0,0
13336.0,46,1,795.12,0.25,0,0
13338.0,127,1,487.02,0.18,0,0
13339.0,170,1,860.12,0.21,0,0
13340.0,14,7,10736.48,0.43,0,0
13341.0,230,1,775.85,0.02,0,0
13343.0,147,1,353.43,0.06,0,0
13344.0,37,3,2543.72,0.12,0,0
13345.0,257,1,389.5,0.0,0,0
13347.0,39,1,341.36,0.17,0,0
13348.0,33,1,233.76,0.81,1,0
13350.0,48,1,646.57,0.85,1,1
13351.0,35,1,373.94,0.03,0,0
13352.0,29,1,397.97999999999996,0.01,0,0
13354.0,40,1,743.53,0.58,1,0
13355.0,91,1,674.7,0.08,0,0
13356.0,49,1,768.24,0.21,0,0
13357.0,226,1,609.95,0.0,0,0
13358.0,238,1,439.03,0.03,0,0
13359.0,33,1,439.56,0.02,0,0
13362.0,22,3,2337.64,0.75,1,1
13363.0,13,1,603.82,0.77,1,1
13364.0,40,1,134.95999999999998,0.03,0,0
13365.0,3,2,2225.37,0.13,0,0
13366.0,19,1,56.160000000000004,0.07,0,0
13368.0,226,2,623.4,0.0,0,0
13369.0,335,1,308.28000000000003,0.02,0,0
13370.0,341,1,754.87,0.42,0,0
13372.0,59,1,378.64,0.06,0,0
13373.0,30,3,3312.25,0.1,0,0
13375.0,58,1,778.65,0.09,0,0
13376.0,68,3,1019.76,0.18,0,0
13379.0,37,2,435.82,0.66,1,1
13381.0,1,6,3639.31,0.15,0,0
13382.0,250,1,222.99,0.17,0,0
13384.0,0,7,4151.93,0.45,0,0
13385.0,299,1,534.57,0.02,0,0
13388.0,100,2,677.1,0.32,0,0
13389.0,44,2,580.15,0.68,1,1
13390.0,44,1,544.08,0.11,0,0
13391.0,173,1,59.8,0.03,0,0
13394.0,23,7,2217.92,0.35,0,1
13395.0,154,1,307.72,0.05,0,0
13396.0,288,1,387.27000000000004,0.02,0,1
13397.0,42,5,1544.13,0.19,0,0
13398.0,161,1,457.34,0.02,0,0
13402.0,96,2,621.23,0.01,0,0
13404.0,182,1,217.81,0.66,1,1
13405.0,43,3,572.451,0.24,0,0
13408.0,0,54,23741.18,1.0,1,1
13410.0,44,4,728.66,0.74,1,1
13411.0,76,1,213.55,0.0,0,0
13414.0,103,3,1390.5,0.22,0,0
13416.0,13,2,712.5,0.05,0,0
13417.0,174,1,236.0,0.83,1,1
13418.0,30,17,5438.81,0.92,1,1
13419.0,33,1,221.06,0.03,0,0
13420.0,119,2,159.85,0.07,0,0
13421.0,9,2,1851.08,0.2,0,0
13422.0,33,1,2626.3,0.04,0,0
13425.0,77,3,1624.21,0.12,0,0
13426.0,33,7,2708.11,0.74,1,1
13427.0,89,2,464.86,0.7,1,1
13429.0,19,3,693.0,0.66,1,1
13430.0,55,1,336.31,0.12,0,1
13431.0,36,2,1269.1,0.16,0,0
13434.0,43,2,534.24,0.43,0,0
13435.0,13,5,2531.62,0.82,1,1
13437.0,0,5,2595.64,0.78,1,1
13439.0,224,1,283.71,0.1,0,0
13441.0,61,1,296.64,0.05,0,0
13447.0,3,2,654.01,0.27,0,1
13448.0,49,5,2489.05,0.73,1,1
13450.0,58,5,1727.28,0.84,1,1
13451.0,95,4,2463.39,0.61,1,1
13452.0,228,2,590.0,0.01,0,0
13453.0,135,2,356.97999999999996,0.16,0,0
13455.0,335,1,692.94,0.79,1,1
13456.0,32,4,1309.8200000000002,0.6,1,1
13458.0,13,12,8672.64,0.98,1,1
13460.0,19,1,107.46000000000001,0.06,0,1
13461.0,8,3,1445.0,0.15,0,0
13462.0,222,1,151.5,0.01,0,0
13464.0,27,1,674.68,0.5,0,0
13466.0,153,1,307.9,0.15,0,0
13467.0,5,1,782.46,0.62,1,1
13468.0,8,33,5163.22,0.96,1,1
13470.0,68,2,165.0,0.15,0,0
13471.0,16,1,941.67,0.65,1,1
13473.0,30,2,422.64,0.19,0,0
13474.0,205,1,229.59,0.07,0,0
13475.0,160,4,1431.78,0.47,0,0
13476.0,148,2,1238.47,0.14,0,0
13477.0,7,6,1454.58,0.24,0,0
13479.0,170,2,300.95,0.04,0,0
13481.0,15,5,1804.56,0.1,0,0
13482.0,201,1,184.64,0.0,0,0
13483.0,35,1,140.34,0.19,0,0
13484.0,210,1,313.8,0.0,0,0
13485.0,202,1,454.24,0.14,0,0
13486.0,47,3,1122.41,0.02,0,0
13487.0,27,3,575.4,0.22,0,0
13488.0,12,12,8246.17,0.91,1,1
13489.0,74,4,449.52,0.13,0,0
13491.0,21,10,1215.82,0.38,0,0
13492.0,105,3,1269.84,0.14,0,0
13493.0,244,2,618.63,0.01,0,0
13494.0,281,1,316.26000000000005,0.01,0,0
13495.0,5,4,1732.23,0.42,0,1
13496.0,329,1,501.01,0.64,1,1
13497.0,252,2,348.05,0.01,0,0
13499.0,43,3,613.85,0.63,1,1
13500.0,5,2,668.8,0.88,1,1
13501.0,257,1,1340.32,0.0,0,0
13502.0,244,2,189.16,0.74,1,1
13503.0,40,1,216.85,0.07,0,0
13504.0,33,1,295.93,0.11,0,0
13505.0,42,4,4393.63,0.43,0,0
13506.0,285,2,458.52,0.08,0,0
13507.0,67,3,2022.79,0.59,1,1
13508.0,213,1,110.97,0.04,0,0
13509.0,22,6,881.62,0.85,1,1
13510.0,14,3,1449.7,0.72,1,1
13512.0,230,1,251.21,0.14,0,0
13513.0,96,1,205.1,0.0,0,0
13514.0,43,1,152.20000000000002,0.0,0,0
13515.0,42,4,891.12,0.22,0,0
13516.0,42,2,620.41,0.68,1,1
13517.0,29,3,2128.42,0.13,0,0
13518.0,55,1,659.4399999999999,0.1,0,0
13519.0,47,1,122.75,0.14,0,0
13520.0,28,6,3624.35,0.12,0,0
13523.0,2,5,3964.88,0.24,0,0
13524.0,10,5,680.1800000000001,0.7,1,0
13525.0,217,1,282.88,0.68,1,1
13527.0,3,7,2287.51,0.59,1,0
13529.0,48,2,307.76,0.12,0,0
13531.0,174,2,483.8,0.07,0,0
13532.0,3,1,210.31,0.27,0,0
13533.0,152,3,270.79,0.16,0,0
13534.0,2,24,5512.88,0.99,1,1
13536.0,22,2,824.91,0.65,1,1
13538.0,12,7,1280.85,0.3,0,0
13539.0,55,3,631.34,0.23,0,0
13544.0,9,2,291.41,0.18,0,0
13546.0,22,2,418.28,0.76,1,1
13548.0,65,2,682.41,0.32,0,0
13549.0,33,6,832.2,0.89,1,1
13551.0,288,1,91.80000000000001,0.13,0,0
13552.0,35,12,3740.07,0.28,0,0
13555.0,43,4,4149.28,0.24,0,0
13557.0,250,1,240.68,0.68,1,1
13558.0,31,2,323.25,0.65,1,1
13561.0,185,1,141.85999999999999,0.0,0,0
13562.0,51,3,1799.33,0.53,1,0
13563.0,53,2,777.53,0.26,0,0
13564.0,113,3,1749.02,0.25,0,0
13565.0,303,1,110.17999999999999,0.75,1,1
13566.0,10,2,874.71,0.26,0,0
13568.0,142,1,192.85,0.04,0,0
13569.0,337,1,118.32,0.07,0,1
13570.0,212,1,239.49,0.15,0,0
13571.0,7,10,1639.56,0.96,1,1
13572.0,175,1,1384.25,0.14,0,0
13573.0,19,2,294.4,0.13,0,0
13575.0,28,4,624.62,0.73,1,1
13576.0,21,15,5627.27,0.95,1,1
13577.0,62,3,1193.8,0.09,0,1
13579.0,338,1,164.70000000000002,0.7,1,1
13581.0,278,1,118.0,0.05,0,0
13583.0,125,1,781.03,0.2,0,0
13584.0,276,1,142.4,0.0,0,0
13587.0,33,1,712.4,0.24,0,0
13588.0,0,7,2253.32,0.7,1,1
13589.0,149,1,147.0,0.74,1,1
13590.0,21,5,1668.78,0.63,1,1
13591.0,34,3,1117.13,0.25,0,0
13592.0,5,4,247.95999999999998,0.22,0,0
13593.0,77,5,2037.0800000000002,0.1,0,0
13594.0,22,1,396.97,0.04,0,0
13598.0,16,1,180.17000000000002,0.09,0,0
13599.0,1,12,3855.09,0.95,1,1
13600.0,281,1,219.52,0.0,0,0
13601.0,14,2,693.32,0.18,0,0
13602.0,34,1,428.89,0.0,0,0
13606.0,212,2,250.42,0.68,1,1
13607.0,9,1,678.01,0.07,0,0
13610.0,23,6,1013.64,0.92,1,1
13611.0,58,3,1171.8,0.19,0,0
13614.0,58,3,1097.13,0.62,1,1
13615.0,288,1,417.69,0.01,0,0
13617.0,9,3,544.18,0.12,0,0
13618.0,143,1,177.34,0.0,0,0
13621.0,86,1,213.85,0.03,0,0
13623.0,0,5,747.78,0.34,0,0
13626.0,222,1,257.23,0.1,0,0
13627.0,28,5,1638.47,0.12,0,0
13629.0,0,10,7076.36,0.38,0,1
13630.0,45,6,1799.78,0.98,1,1
13631.0,69,11,3070.42,0.23,0,0
13632.0,12,4,1669.13,0.91,1,1
13634.0,2,5,1575.16,0.51,1,0
13635.0,37,1,1071.03,0.06,0,0
13636.0,6,5,949.12,0.2,0,0
13637.0,21,3,810.5,0.15,0,0
13639.0,43,1,1033.34,0.03,0,0
13642.0,185,1,354.8,0.12,0,0
13643.0,0,3,519.44,0.69,1,0
13644.0,14,3,1845.3400000000001,0.84,1,1
13645.0,89,1,252.1,0.06,0,0
13647.0,40,3,1275.9,0.17,0,1
13649.0,226,2,346.6,0.0,0,0
13650.0,36,5,1538.1000000000001,0.81,1,1
13651.0,4,2,94.2,0.0,0,0
13652.0,15,3,1095.08,0.16,0,0
13654.0,12,6,2707.33,0.36,0,0
13655.0,83,2,932.97,0.13,0,0
13656.0,134,2,379.65,0.06,0,0
13657.0,171,1,152.34,0.03,0,1
13658.0,54,3,2096.77,0.75,1,1
13659.0,175,2,1573.2,0.03,0,0
13662.0,55,3,897.76,0.48,0,0
13663.0,148,1,189.47,0.01,0,0
13666.0,29,3,84.65,0.02,0,0
13667.0,118,1,305.02,0.03,0,0
13668.0,1,18,5274.7300000000005,0.99,1,1
13669.0,20,2,218.55,0.11,0,0
13670.0,44,1,349.7,0.16,0,0
13672.0,270,2,186.39000000000001,0.13,0,0
13673.0,1,1,213.6,0.73,1,1
13675.0,120,2,486.82000000000005,0.06,0,0
13678.0,121,1,232.6,0.39,0,0
13680.0,8,3,3084.04,0.79,1,1
13681.0,38,2,531.08,0.77,1,1
13682.0,156,1,59.5,0.02,0,0
13684.0,255,1,67.23,0.01,0,0
13685.0,14,3,1934.45,0.94,1,1
13686.0,152,1,72.0,0.05,0,0
13689.0,32,1,910.0,0.1,0,0
13690.0,28,1,172.25,0.02,0,0
13692.0,183,2,871.58,0.06,0,1
13694.0,12,45,57069.24,1.0,1,1
13695.0,0,15,2504.13,0.28,0,0
13697.0,8,1,151.29999999999998,0.15,0,0
13699.0,124,1,308.58000000000004,0.03,0,0
13700.0,21,9,1957.02,0.88,1,1
13703.0,287,1,99.5,0.04,0,0
13704.0,16,7,1906.02,0.93,1,1
13705.0,114,2,522.68,0.66,1,1
13706.0,272,1,330.79,0.0,0,0
13707.0,236,2,806.41,0.02,0,0
13708.0,240,1,296.88,0.09,0,0
13709.0,6,11,5799.74,0.82,1,1
13710.0,1,1,180.48,0.5,0,0
13711.0,188,2,252.06,0.05,0,0
13712.0,216,1,228.84,0.14,0,0
13715.0,250,5,1079.34,0.07,0,0
13716.0,238,1,138.28,0.0,0,0
13717.0,1,6,1445.01,0.13,0,0
13718.0,215,2,306.55,0.08,0,0
13719.0,2,4,920.02,0.5,0,1
13720.0,86,4,799.9,0.4,0,0
13721.0,5,1,524.14,0.03,0,0
13722.0,101,3,2375.41,0.68,1,0
13723.0,186,1,199.85000000000002,0.0,0,0
13725.0,19,8,1980.56,0.76,1,0
13726.0,8,2,1079.6599999999999,0.2,0,0
13727.0,3,1,223.08,0.21,0,1
13728.0,6,6,1016.14,0.31,0,0
13730.0,105,2,752.6,0.14,0,0
13731.0,188,2,610.59,0.01,0,0
13735.0,12,3,2401.25,0.79,1,1
13736.0,229,1,357.53,0.63,1,1
13737.0,169,1,339.59999999999997,0.0,0,0
13740.0,210,1,350.75,0.12,0,0
13741.0,41,3,668.4300000000001,0.14,0,0
13742.0,59,11,2791.62,0.93,1,1
13743.0,58,6,1065.84,0.54,1,1
13744.0,64,2,1156.36,0.25,0,0
13745.0,131,1,300.04,0.0,0,0
13747.0,343,1,79.6,0.05,0,0
13748.0,65,5,948.25,0.55,1,0
13750.0,23,5,1647.26,0.45,0,0
13751.0,257,1,296.25,0.61,1,0
13752.0,93,6,1186.28,0.73,1,0
13753.0,257,1,741.26,0.01,0,0
13754.0,121,2,282.59999999999997,0.1,0,0
13755.0,7,4,1025.41,0.95,1,1
13756.0,5,10,3876.0800000000004,0.95,1,1
13758.0,8,6,2677.74,0.94,1,1
13759.0,2,2,659.4100000000001,0.33,0,0
13760.0,23,2,286.79,0.09,0,0
13761.0,19,2,1070.65,0.64,1,0
13762.0,188,1,306.72,0.1,0,0
13763.0,32,1,1714.96,0.1,0,0
13764.0,40,3,1521.76,0.13,0,0
13767.0,30,34,13683.68,1.0,1,1
13769.0,6,9,2478.59,0.89,1,1
13771.0,33,4,2634.45,0.08,0,0
13772.0,3,3,1132.13,0.18,0,0
13774.0,51,1,345.0,0.11,0,0
13777.0,27,28,16974.85,0.99,1,1
13778.0,72,1,178.7,0.09,0,0
13780.0,140,1,116.28000000000002,0.77,1,1
13781.0,220,1,127.84,0.03,0,0
13782.0,17,5,741.94,0.9,1,1
13784.0,27,10,2424.63,0.76,1,1
13786.0,336,1,230.39999999999998,0.02,0,0
13787.0,45,2,309.04,0.38,0,0
13791.0,97,2,1516.0,0.12,0,0
13792.0,35,2,195.55,0.49,0,0
13798.0,0,51,33855.44,1.0,1,1
13799.0,86,2,688.86,0.15,0,0
13800.0,279,1,558.32,0.0,0,0
13801.0,36,1,324.8,0.04,0,0
13802.0,108,3,4599.42,0.21,0,0
13803.0,224,1,277.07,0.26,0,0
13804.0,0,7,2635.79,0.18,0,0
13805.0,21,2,924.6,0.64,1,0
13806.0,33,1,256.38,0.66,1,0
13807.0,336,1,112.6,0.23,0,0
13808.0,16,4,1518.5,0.87,1,1
13809.0,274,1,155.05,0.02,0,0
13810.0,25,2,1253.0,0.71,1,1
13811.0,153,3,814.5,0.05,0,0
13812.0,11,3,539.0,0.12,0,0
13813.0,9,4,1366.8600000000001,0.7,1,0
13814.0,61,2,1579.12,0.15,0,0
13815.0,141,2,2977.75,0.74,1,1
13816.0,33,1,371.69,0.63,1,1
13817.0,321,1,128.7,0.0,0,1
13819.0,271,3,1140.35,0.33,0,0
13821.0,114,2,385.64,0.2,0,0
13822.0,9,1,468.38,0.68,1,1
13823.0,61,1,650.42,0.75,1,1
13824.0,2,5,1698.94,0.5,0,0
13826.0,145,1,189.5,0.1,0,0
13827.0,27,3,412.05,0.02,0,0
13831.0,57,5,1795.59,0.89,1,1
13833.0,128,1,384.8,0.0,0,0
13835.0,22,3,742.91,0.89,1,1
13837.0,181,2,271.24,0.01,0,0
13838.0,87,3,479.59,0.66,1,1
13841.0,222,1,85.0,0.1,0,0
13842.0,28,9,3385.62,0.75,1,0
13845.0,34,1,312.98,0.05,0,0
13846.0,211,2,663.9300000000001,0.78,1,1
13848.0,61,3,1255.0,0.12,0,0
13849.0,21,2,1537.95,0.57,1,0
13850.0,98,1,1595.48,0.18,0,0
13851.0,65,3,2651.46,0.34,0,0
13853.0,26,1,1090.14,0.09,0,0
13854.0,6,23,7497.2,0.98,1,1
13856.0,138,3,388.5,0.13,0,0
13858.0,26,1,216.17,0.03,0,0
13859.0,295,1,201.16,0.02,0,0
13860.0,21,3,617.8100000000001,0.77,1,1
13862.0,42,7,2089.7,0.38,0,1
13863.0,217,1,305.78,0.03,0,0
13865.0,27,4,501.56,0.16,0,0
13866.0,43,1,145.67000000000002,0.03,0,0
13867.0,0,3,1015.29,0.07,0,0
13868.0,8,1,507.54,0.14,0,1
13869.0,92,4,3104.95,0.19,0,0
13870.0,9,7,2618.19,0.6,1,1
13871.0,14,12,5870.49,0.96,1,1
13873.0,89,3,389.6,0.08,0,0
13874.0,327,1,540.45,0.09,0,0
13875.0,23,5,1786.79,0.22,0,0
13876.0,33,1,122.7,0.02,0,0
13877.0,55,1,117.24,0.04,0,0
13878.0,24,1,1281.53,0.06,0,0
13880.0,21,12,2823.12,0.7,1,1
13881.0,8,15,13361.84,0.95,1,1
13882.0,12,2,683.31,0.78,1,1
13883.0,188,4,1742.78,0.68,1,1
13884.0,58,4,540.5,0.83,1,1
13885.0,158,2,506.8,0.01,0,0
13886.0,40,1,243.56,0.4,0,0
13887.0,173,1,349.55,0.11,0,0
13888.0,89,2,605.63,0.06,0,0
13889.0,62,1,416.90000000000003,0.03,0,0
13890.0,2,5,1001.91,0.7,1,1
13892.0,22,3,571.77,0.89,1,1
13893.0,267,1,821.1,0.03,0,0
13894.0,279,1,160.85,0.65,1,1
13895.0,36,3,1911.1100000000001,0.92,1,1
13897.0,19,1,311.16,0.08,0,0
13898.0,295,1,155.93,0.06,0,0
13899.0,244,1,298.5,0.63,1,1
13900.0,152,3,740.95,0.13,0,0
13901.0,41,5,2867.2,0.11,0,0
13904.0,6,2,332.64,0.09,0,0
13908.0,49,4,2369.55,0.42,0,0
13911.0,26,9,2580.91,0.19,0,0
13914.0,5,1,321.07,0.2,0,1
13917.0,19,2,272.04,0.08,0,0
13918.0,19,2,1212.8400000000001,0.77,1,0
13919.0,28,2,384.81,0.01,0,0
13922.0,321,1,172.25,0.03,0,0
13923.0,23,1,351.13,0.05,0,0
13924.0,1,3,1161.26,0.67,1,1
13925.0,62,4,678.25,0.07,0,0
13927.0,44,1,348.99,0.14,0,0
13928.0,0,3,356.67,0.76,1,1
13929.0,138,2,842.65,0.08,0,0
13930.0,27,2,337.34,0.07,0,0
13931.0,65,2,1237.53,0.08,0,0
13932.0,264,1,307.4,0.12,0,0
13933.0,78,2,608.7900000000001,0.01,0,0
13934.0,233,1,922.1,0.02,0,0
13936.0,149,1,376.58,0.08,0,0
13937.0,138,1,158.85,0.05,0,0
13938.0,4,1,71.66,0.04,0,0
13939.0,78,2,390.21,0.15,0,1
13940.0,33,3,616.3,0.85,1,1
13941.0,59,4,3859.3,0.91,1,1
13946.0,48,3,561.5699999999999,0.1,0,0
13947.0,34,1,90.6,0.01,0,0
13948.0,330,1,102.0,0.29,0,0
13949.0,9,4,1604.25,0.72,1,1
13950.0,42,2,323.65999999999997,0.35,0,1
13951.0,145,3,674.45,0.13,0,0
13952.0,187,2,3251.071,0.17,0,0
13953.0,22,6,3104.36,0.08,0,1
13954.0,40,1,227.41,0.77,1,1
13955.0,123,2,322.96,0.18,0,0
13956.0,23,4,869.92,0.26,0,1
13959.0,48,3,598.2,0.14,0,0
13960.0,41,1,128.1,0.09,0,1
13962.0,215,1,117.6,0.66,1,1
13963.0,277,4,664.54,0.22,0,0
13967.0,115,1,80.7,0.26,0,0
13969.0,7,14,6436.88,0.89,1,1
13971.0,29,7,2357.56,0.76,1,1
13972.0,40,2,190.25,0.25,0,0
13973.0,256,1,264.7,0.21,0,0
13974.0,18,1,413.59000000000003,0.15,0,0
13975.0,0,6,2526.28,0.05,0,0
13976.0,176,1,357.98,0.03,0,0
13978.0,14,1,158.99,0.16,0,1
13979.0,42,1,869.87,0.2,0,0
13980.0,29,1,200.14,0.01,0,0
13982.0,8,4,1871.81,0.29,0,0
13983.0,9,11,2474.55,0.87,1,1
13984.0,95,4,819.33,0.3,0,1
13985.0,1,11,5380.54,0.83,1,1
13988.0,13,5,3685.52,0.76,1,1
13989.0,35,2,1266.08,0.08,0,0
13990.0,182,1,311.3,0.52,1,0
13991.0,21,3,540.25,0.74,1,1
13993.0,12,9,3466.36,0.91,1,0
13994.0,9,5,2197.04,0.26,0,1
13995.0,25,4,1177.93,0.86,1,1
13999.0,34,10,3177.41,0.98,1,1
14000.0,180,1,635.66,0.08,0,0
14001.0,15,3,2043.0800000000002,0.32,0,0
14002.0,103,2,529.73,0.21,0,0
14004.0,12,7,4582.64,0.4,0,0
14005.0,45,4,977.68,0.72,1,1
14006.0,85,3,962.19,0.09,0,0
14009.0,167,2,695.61,0.07,0,0
14012.0,247,1,328.8,0.0,0,0
14013.0,79,3,473.02,0.28,0,0
14014.0,46,1,505.18,0.02,0,0
14015.0,22,1,917.34,0.1,0,0
14016.0,131,4,4341.21,0.25,0,0
14019.0,16,3,1421.61,0.43,0,0
14020.0,57,1,331.14,0.71,1,1
14021.0,124,3,631.9,0.54,1,0
14022.0,194,1,440.0,0.05,0,0
14023.0,219,1,273.14,0.76,1,1
14024.0,91,2,327.7,0.08,0,0
14027.0,30,1,104.82,0.03,0,0
14029.0,32,2,467.66,0.01,0,0
14030.0,58,7,1816.81,0.68,1,1
14031.0,18,17,14711.65,0.82,1,1
14032.0,7,8,2250.29,0.72,1,1
14034.0,126,2,473.90999999999997,0.06,0,1
14035.0,16,4,1127.7,0.64,1,1
14036.0,254,1,626.65,0.06,0,0
14037.0,145,2,147.20000000000002,0.16,0,0
14038.0,47,3,1560.38,0.32,0,0
14039.0,2,1,152.2,0.24,0,0
14040.0,10,12,3614.92,0.39,0,0
14041.0,235,1,141.41,0.0,0,0
14044.0,72,3,542.11,0.71,1,1
14045.0,78,4,1659.75,0.21,0,0
14046.0,253,1,154.99,0.05,0,0
14047.0,42,4,957.46,0.69,1,1
14048.0,274,1,409.93,0.0,0,0
14049.0,128,3,3285.39,0.84,1,1
14050.0,1,2,746.36,0.04,0,0
14051.0,0,20,12688.99,0.77,1,1
14053.0,93,2,260.25,0.08,0,0
14054.0,34,1,92.46,0.0,0,0
14055.0,75,1,725.6400000000001,0.03,0,0
14056.0,4,21,7254.9,0.86,1,1
14057.0,36,16,5578.8,0.99,1,1
14059.0,236,1,183.6,0.0,0,0
14060.0,26,17,5430.38,0.95,1,1
14062.0,41,11,9225.470000000001,0.83,1,1
14064.0,82,4,1097.6799999999998,0.78,1,1
14066.0,236,1,152.55,0.0,0,0
14067.0,33,2,374.7,0.03,0,0
14068.0,289,1,265.85,0.28,0,0
14071.0,1,5,943.0,0.73,1,1
14073.0,1,1,151.04,0.26,0,0
14075.0,230,1,307.92,0.72,1,1
14076.0,98,1,122.47,0.07,0,0
14077.0,10,5,499.41999999999996,0.2,0,0
14078.0,71,6,1049.37,0.22,0,0
14079.0,94,1,375.1,0.04,0,0
14080.0,2,1,45.599999999999994,0.05,0,0
14081.0,271,2,934.52,0.35,0,0
14082.0,334,1,182.25,0.03,0,0
14083.0,95,7,548.92,0.8,1,1
14085.0,14,14,3538.73,0.98,1,1
14088.0,6,9,37603.05,0.95,1,1
14089.0,26,1,161.0,0.02,0,0
14090.0,294,1,76.32000000000001,0.08,0,0
14092.0,37,11,3096.59,0.89,1,1
14096.0,8,12,28401.03,0.8,1,1
14098.0,6,1,147.35,0.31,0,0
14099.0,12,10,2890.37,0.87,1,1
14100.0,107,1,194.9,0.1,0,0
14101.0,43,6,5976.79,0.8,1,0
14102.0,6,2,770.4,0.18,0,1
14104.0,124,2,216.20999999999998,0.15,0,0
14105.0,208,1,1266.23,0.04,0,0
14107.0,21,7,2703.23,0.22,0,0
14108.0,0,2,597.91,0.08,0,0
14109.0,42,1,144.2,0.13,0,0
14110.0,6,10,5032.27,0.96,1,1
14111.0,65,3,295.5,0.78,1,1
14112.0,9,6,2704.05,0.94,1,1
14113.0,47,2,926.38,0.85,1,1
14114.0,243,2,386.53,0.02,0,0
14116.0,0,4,1169.82,0.64,1,1
14117.0,113,1,90.0,0.35,0,0
14121.0,29,1,233.1,0.76,1,1
14124.0,53,1,419.58000000000004,0.02,0,0
14125.0,47,1,1295.43,0.24,0,1
14127.0,92,3,709.71,0.16,0,0
14128.0,30,2,637.5,0.08,0,0
14129.0,65,3,726.23,0.76,1,1
14130.0,288,1,483.86,0.0,0,0
14132.0,5,8,2627.9,0.73,1,1
14133.0,99,3,605.64,0.06,0,0
14135.0,1,13,4247.41,0.99,1,1
14138.0,33,1,638.21,0.8,1,1
14139.0,15,1,415.82,0.04,0,0
14140.0,1,1,540.99,0.66,1,1
14141.0,29,3,688.7800000000001,0.34,0,1
14142.0,342,1,311.81,0.37,0,0
14143.0,103,1,115.8,0.13,0,0
14145.0,16,4,3742.2,0.18,0,0
14146.0,50,4,2965.84,0.77,1,1
14147.0,47,2,483.4,0.1,0,0
14148.0,203,1,157.2,0.03,0,0
14149.0,190,1,446.62,0.11,0,0
14150.0,5,2,658.64,0.2,0,0
14152.0,44,2,621.29,0.23,0,0
14154.0,208,2,1345.62,0.04,0,0
14155.0,235,1,118.75,0.17,0,0
14156.0,2,51,111024.38,1.0,1,1
14157.0,254,1,277.17,0.27,0,1
14158.0,9,1,507.66,0.09,0,0
14159.0,10,10,3845.19,0.94,1,1
14161.0,185,3,1110.52,0.06,0,0
14162.0,143,2,289.36,0.31,0,0
14163.0,56,4,2445.91,0.2,0,0
14164.0,40,2,1631.77,0.6,1,0
14165.0,245,1,122.53999999999999,0.08,0,0
14167.0,8,4,574.84,0.19,0,0
14171.0,67,1,363.79,0.15,0,0
14173.0,14,2,243.81,0.77,1,1
14174.0,2,1,134.46,0.2,0,0
14175.0,29,3,3222.3,0.13,0,0
14176.0,266,4,576.9000000000001,0.08,0,0
14177.0,55,4,559.41,0.21,0,0
14178.0,10,5,953.95,0.96,1,1
14179.0,10,2,719.78,0.42,0,0
14180.0,27,23,4408.62,1.0,1,1
14184.0,36,1,452.89,0.01,0,0
14185.0,300,1,197.65,0.28,0,0
14188.0,0,6,2054.36,0.11,0,0
14189.0,13,12,3735.42,0.88,1,1
14191.0,7,10,3149.84,0.97,1,1
14193.0,37,2,853.39,0.23,0,0
14194.0,11,18,8719.960000000001,0.95,1,1
14195.0,171,2,1012.0,0.1,0,0
14196.0,76,1,335.52,0.05,0,0
14198.0,56,3,528.8,0.78,1,1
14199.0,187,1,185.39999999999998,0.0,0,0
14201.0,29,7,747.44,0.3,0,0
14205.0,233,1,222.9,0.68,1,1
14206.0,208,1,328.15999999999997,0.05,0,0
14208.0,64,1,151.74,0.11,0,0
14209.0,90,5,1876.33,0.89,1,1
14210.0,75,6,1905.8400000000001,0.15,0,0
14211.0,22,9,2241.1,0.32,0,0
14212.0,59,1,1070.48,0.05,0,0
14214.0,0,5,1004.38,0.65,1,0
14215.0,47,5,1343.91,0.91,1,1
14216.0,7,1,459.8,0.73,1,1
14217.0,9,14,1665.14,0.8,1,1
14218.0,12,1,169.48000000000002,0.16,0,0
14220.0,216,2,632.4,0.09,0,0
14221.0,11,9,3432.8,0.91,1,0
14222.0,146,1,683.17,0.32,0,0
14223.0,61,3,991.13,0.34,0,0
14224.0,79,4,1050.12,0.54,1,0
14226.0,40,3,1895.17,0.74,1,1
14227.0,55,9,3031.9,0.76,1,1
14229.0,21,3,1547.2,0.31,0,0
14231.0,153,3,925.71,0.06,0,0
14232.0,12,5,2048.07,0.01,0,0
14233.0,18,4,1462.72,0.19,0,0
14234.0,14,2,452.34,0.65,1,1
14235.0,44,5,3144.86,0.19,0,0
14236.0,50,2,490.86,0.13,0,0
14237.0,342,1,161.0,0.64,1,0
14238.0,295,1,146.85,0.0,0,0
14239.0,12,11,2380.85,0.38,0,0
14240.0,195,1,226.85,0.7,1,1
14241.0,153,1,213.70000000000002,0.22,0,0
14242.0,204,2,280.55,0.08,0,0
14243.0,7,9,2481.35,0.9,1,1
14245.0,189,2,1693.45,0.02,0,0
14246.0,80,3,1474.06,0.11,0,0
14247.0,247,1,136.76999999999998,0.02,0,0
14248.0,287,1,302.58,0.13,0,0
14250.0,58,1,1228.83,0.1,0,1
14251.0,27,1,1259.46,0.74,1,1
14256.0,229,2,969.0600000000001,0.06,0,0
14257.0,33,5,3099.7200000000003,0.21,0,0
14258.0,59,8,11298.380000000001,0.74,1,1
14259.0,111,1,120.0,0.16,0,0
14261.0,20,2,1163.45,0.73,1,0
14262.0,23,5,1593.75,0.77,1,1
14264.0,124,2,333.97,0.05,0,0
14265.0,78,2,530.18,0.13,0,0
14267.0,132,3,1516.24,0.15,0,0
14270.0,301,1,492.65000000000003,0.01,0,0
14271.0,195,1,112.32,0.03,0,0
14272.0,43,2,437.96,0.31,0,0
14273.0,20,4,559.97,0.12,0,0
14276.0,68,3,1119.74,0.26,0,0
14277.0,181,1,1637.43,0.67,1,1
14280.0,166,1,134.04,0.0,0,0
14282.0,1,11,3046.44,0.7,1,1
14284.0,0,2,595.25,0.08,0,0
14285.0,7,3,1554.03,0.67,1,1
14286.0,15,2,2692.85,0.78,1,1
14287.0,168,2,83.28,0.01,0,1
14288.0,182,1,426.6,0.08,0,0
14289.0,104,5,832.78,0.92,1,1
14290.0,25,4,2050.12,0.76,1,1
14291.0,27,9,3325.56,0.95,1,1
14292.0,9,7,4458.61,0.86,1,1
14293.0,116,3,739.41,0.7,1,1
14295.0,9,1,166.20000000000002,0.31,0,0
14297.0,20,3,724.95,0.81,1,1
14298.0,0,43,50889.7,1.0,1,1
14299.0,27,7,3150.55,0.38,0,1
14301.0,86,1,640.14,0.03,0,0
14304.0,192,1,383.45,0.05,0,0
14305.0,40,3,1858.96,0.28,0,0
14306.0,20,2,2093.32,0.29,0,0
14307.0,58,6,2995.72,0.22,0,0
14309.0,63,7,1633.7,0.68,1,1
14311.0,212,1,310.26,0.01,0,0
14312.0,16,6,1611.59,0.19,0,0
14314.0,76,1,120.0,0.03,0,0
14315.0,14,6,2481.13,0.27,0,0
14317.0,34,1,508.58000000000004,0.12,0,0
14320.0,176,2,477.79,0.29,0,0
14321.0,43,4,1230.59,0.84,1,1
14323.0,84,2,605.0600000000001,0.07,0,0
14326.0,211,1,183.85,0.0,0,0
14327.0,132,1,311.65,0.0,0,0
14329.0,18,5,4646.39,0.9,1,1
14331.0,93,2,462.65999999999997,0.55,1,0
14332.0,35,2,585.34,0.15,0,1
14333.0,37,1,415.2,0.01,0,0
14334.0,63,7,2328.71,0.89,1,1
14335.0,65,1,359.25,0.07,0,1
14336.0,167,3,1114.39,0.11,0,1
14338.0,130,2,588.22,0.06,0,0
14339.0,212,1,309.52,0.02,0,0
14340.0,188,1,134.7,0.0,0,0
14341.0,14,8,2182.28,0.31,0,0
14342.0,0,3,510.78000000000003,0.78,1,1
14344.0,96,8,889.9300000000001,0.29,0,0
14345.0,8,1,108.97999999999999,0.08,0,0
14346.0,90,2,1021.58,0.05,0,0
14348.0,229,1,409.57,0.02,0,0
14350.0,243,1,282.93,0.08,0,0
14351.0,134,1,51.0,0.03,0,0
14352.0,126,4,1078.96,0.26,0,0
14353.0,184,1,90.6,0.02,0,0
14355.0,335,1,174.4,0.02,0,0
14356.0,49,2,701.23,0.22,0,0
14357.0,12,1,225.77,0.03,0,0
14359.0,12,2,785.48,0.19,0,1
14360.0,1,4,2128.23,0.22,0,0
14364.0,78,8,3717.35,0.11,0,0
14367.0,0,14,8313.14,0.93,1,1
14368.0,289,1,155.0,0.11,0,0
14371.0,264,1,100.5,0.0,0,0
14373.0,327,1,76.55,0.17,0,0
14375.0,154,1,257.68,0.09,0,0
14377.0,160,2,617.05,0.03,0,0
14379.0,13,2,348.1,0.17,0,0
14381.0,21,1,202.68,0.01,0,0
14383.0,7,3,1247.69,0.18,0,0
14386.0,266,1,142.4,0.0,0,0
14387.0,2,3,1770.56,0.21,0,0
14388.0,5,7,2740.86,0.76,1,1
14389.0,34,2,1043.46,0.07,0,0
14390.0,7,6,3036.87,0.82,1,1
14393.0,187,1,67.95,0.0,0,0
14395.0,29,8,2948.7200000000003,0.92,1,1
14396.0,34,2,487.99,0.18,0,0
14397.0,11,14,1590.18,0.78,1,1
14400.0,118,1,574.7,0.08,0,0
14401.0,7,12,3697.7,0.86,1,1
14403.0,99,4,1475.81,0.07,0,0
14404.0,3,6,1474.32,0.62,1,0
14406.0,88,1,156.75,0.03,0,0
14407.0,76,6,2157.73,0.06,0,0
14408.0,64,6,2298.31,0.59,1,1
14409.0,40,6,2059.4500000000003,0.28,0,0
14410.0,61,9,1105.07,0.19,0,0
14411.0,280,1,1063.0,0.04,0,0
14412.0,12,2,770.03,0.21,0,0
14413.0,331,1,122.7,0.06,0,0
14414.0,61,7,1496.98,0.38,0,0
14415.0,12,11,4693.15,0.99,1,1
14416.0,11,1,361.0,0.32,0,1
14418.0,77,1,150.44,0.63,1,1
14419.0,8,5,841.3100000000001,0.98,1,1
14420.0,68,1,387.52,0.1,0,0
14421.0,26,2,813.11,0.09,0,0
14422.0,22,4,3551.08,0.6,1,1
14423.0,187,1,265.2,0.13,0,0
14426.0,1,8,3810.5,0.82,1,1
14427.0,19,2,363.34000000000003,0.15,0,0
14428.0,5,4,1042.97,0.82,1,1
14431.0,272,1,470.36,0.01,0,0
14432.0,7,4,1390.06,0.94,1,1
14434.0,7,5,1032.0,0.52,1,1
14436.0,68,1,89.06,0.02,0,0
14437.0,335,1,63.0,0.05,0,0
14438.0,275,1,131.9,0.0,0,0
14439.0,289,1,2661.24,0.09,0,0
14440.0,11,4,1740.43,0.71,1,1
14441.0,12,3,1407.19,0.71,1,1
14442.0,174,2,1589.82,0.06,0,0
14443.0,23,4,1420.2,0.09,0,0
14446.0,50,2,685.22,0.47,0,1
14447.0,20,4,872.47,0.25,0,1
14448.0,333,1,102.35000000000001,0.78,1,1
14449.0,33,3,714.7,0.76,1,1
14450.0,150,3,483.25,0.27,0,0
14451.0,29,2,662.59,0.27,0,0
14452.0,63,1,127.37,0.18,0,1
14453.0,159,1,119.93,0.12,0,0
14456.0,9,6,2079.79,0.94,1,1
14457.0,280,1,113.64,0.06,0,0
14459.0,124,1,1837.92,0.11,0,0
14460.0,79,3,434.34,0.09,0,0
14461.0,117,3,2103.06,0.69,1,0
14462.0,35,11,2004.02,0.94,1,0
14463.0,67,3,529.62,0.26,0,0
14465.0,216,3,1058.6200000000001,0.24,0,0
14466.0,43,6,1785.65,0.92,1,1
14467.0,15,2,311.97,0.81,1,1
14470.0,257,1,297.64,0.73,1,1
14472.0,73,8,1936.84,0.12,0,0
14473.0,43,2,234.34000000000003,0.2,0,0
14474.0,15,1,547.66,0.13,0,0
14475.0,41,3,925.85,0.22,0,0
14476.0,226,1,215.7,0.44,0,0
14477.0,20,3,964.2,0.71,1,1
14479.0,223,2,316.25,0.03,0,0
14481.0,134,2,636.51,0.02,0,0
14482.0,3,4,1429.63,0.37,0,1
14483.0,251,1,137.1,0.02,0,0
14484.0,19,1,321.92,0.05,0,0
14485.0,8,1,165.75,0.28,0,0
14487.0,10,5,1044.1399999999999,0.82,1,1
14488.0,37,1,1064.28,0.06,0,0
14489.0,176,1,463.38,0.06,0,0
14491.0,144,2,340.93,0.29,0,0
14493.0,16,2,1010.72,0.36,0,1
14495.0,20,2,123.8,0.13,0,0
14496.0,281,2,538.8100000000001,0.06,0,0
14497.0,278,1,475.37,0.0,0,0
14498.0,12,5,1957.32,0.07,0,0
14499.0,103,2,370.96000000000004,0.77,1,1
14500.0,57,3,356.85,0.47,0,0
14501.0,153,2,251.21,0.1,0,0
14502.0,2,10,2119.54,0.92,1,1
14503.0,39,2,1284.45,0.71,1,1
14504.0,16,4,673.26,0.09,0,0
14505.0,7,7,5210.45,0.82,1,1
14506.0,35,4,1515.25,0.86,1,1
14507.0,9,5,1145.58,0.84,1,1
14508.0,59,1,137.56,0.65,1,1
14511.0,2,4,1013.49,0.91,1,1
14512.0,157,2,275.28,0.02,0,0
14513.0,70,3,455.59000000000003,0.2,0,0
14514.0,30,3,1055.35,0.22,0,0
14515.0,36,3,1349.07,0.85,1,1
14517.0,2,2,330.45,0.1,0,0
14518.0,33,1,174.37,0.0,0,0
14520.0,260,1,165.0,0.72,1,1
14522.0,41,3,831.5,0.58,1,1
14523.0,77,1,241.09,0.05,0,0
14524.0,1,9,1867.68,0.25,0,0
14525.0,12,8,3335.58,0.8,1,1
14527.0,1,49,6971.04,0.85,1,1
14528.0,6,1,364.21999999999997,0.1,0,0
14529.0,29,3,620.04,0.6,1,0
14530.0,62,5,2546.12,0.94,1,1
14532.0,205,4,932.85,0.45,0,0
14533.0,29,6,1797.06,0.82,1,1
14534.0,35,15,3781.06,0.72,1,1
14535.0,29,3,2864.19,0.12,0,0
14536.0,229,1,171.8,0.17,0,0
14537.0,27,1,355.56,0.28,0,0
14538.0,34,2,388.25,0.26,0,0
14539.0,14,1,72.13,0.28,0,1
14540.0,45,2,681.53,0.77,1,1
14541.0,28,8,1461.65,0.26,0,0
14542.0,155,1,103.25,0.09,0,0
14543.0,43,14,3301.75,0.94,1,1
14544.0,331,1,1121.92,0.73,1,1
14546.0,10,4,2078.1,0.72,1,1
14547.0,2,2,968.3000000000001,0.8,1,1
14548.0,120,2,652.8,0.03,0,0
14549.0,280,1,289.24,0.11,0,0
14550.0,14,1,340.79,0.7,1,1
14551.0,173,1,125.43,0.05,0,1
14552.0,121,1,165.07,0.13,0,0
14553.0,2,4,717.79,0.79,1,1
14554.0,21,1,351.83,0.61,1,1
14555.0,26,2,324.14,0.04,0,0
14557.0,54,1,788.38,0.03,0,0
14560.0,0,19,2039.29,0.82,1,1
14561.0,45,3,1080.76,0.05,0,0
14562.0,7,13,3842.0,0.88,1,1
14565.0,65,4,3099.12,0.12,0,0
14566.0,80,1,1432.0,0.07,0,0
14567.0,26,2,1530.3600000000001,0.2,0,0
14570.0,250,2,218.06,0.37,0,0
14572.0,9,6,2697.79,0.96,1,1
14573.0,149,9,1653.42,0.17,0,0
14576.0,341,1,35.400000000000006,0.18,0,0
14577.0,133,3,646.64,0.21,0,1
14582.0,10,1,114.11,0.16,0,0
14583.0,113,4,787.64,0.82,1,1
14584.0,138,4,1042.26,0.26,0,0
14585.0,19,1,157.05,0.06,0,0
14586.0,246,1,237.36,0.08,0,0
14587.0,153,8,1473.53,0.22,0,1
14589.0,341,1,39.75,0.6,1,0
14591.0,182,1,250.22,0.54,1,1
14592.0,4,3,570.46,0.37,0,0
14593.0,168,2,339.59,0.04,0,1
14594.0,342,1,255.0,0.08,0,1
14595.0,25,4,1533.07,0.83,1,1
14597.0,161,1,165.1,0.5,0,1
14598.0,13,1,221.97,0.01,0,0
14600.0,275,1,393.33000000000004,0.0,0,0
14603.0,244,1,660.0,0.17,0,0
14606.0,1,84,10893.98,0.87,1,1
14607.0,5,11,13450.2,0.78,1,1
14608.0,55,2,790.95,0.72,1,1
14609.0,41,4,601.56,0.22,0,0
14616.0,212,3,406.08000000000004,0.03,0,0
14618.0,307,1,211.8,0.1,0,1
14619.0,215,1,394.44,0.01,0,0
14620.0,175,2,412.78000000000003,0.07,0,0
14621.0,126,3,1002.91,0.41,0,1
14622.0,154,1,320.58000000000004,0.0,0,0
14623.0,1,5,889.25,0.41,0,0
14624.0,26,2,225.85,0.24,0,0
14625.0,165,2,899.63,0.05,0,0
14626.0,34,3,2182.2,0.34,0,1
14628.0,60,2,671.96,0.19,0,0
14629.0,16,1,604.83,0.76,1,1
14631.0,20,3,1006.98,0.23,0,0
14632.0,232,1,114.56,0.15,0,0
14633.0,235,1,344.90000000000003,0.04,0,0
14636.0,5,2,609.85,0.05,0,0
14638.0,20,1,443.6,0.0,0,0
14639.0,21,6,2984.49,0.19,0,0
14640.0,28,5,1807.13,0.1,0,1
14642.0,28,1,96.12,0.0,0,0
14643.0,139,2,693.8100000000001,0.06,0,0
14644.0,37,2,830.76,0.1,0,0
14645.0,126,2,597.09,0.02,0,0
14646.0,6,61,247589.5,1.0,1,1
14647.0,170,1,243.22,0.07,0,0
14649.0,41,3,903.3,0.69,1,1
14651.0,36,2,654.6,0.02,0,0
14652.0,46,1,114.18,0.08,0,0
14653.0,1,4,1240.22,0.92,1,1
14655.0,40,2,1211.17,0.76,1,1
14656.0,138,2,291.05,0.18,0,0
14657.0,124,3,638.94,0.66,1,1
14658.0,86,1,123.14,0.17,0,1
14659.0,5,8,2380.53,0.72,1,1
14660.0,56,2,285.74,0.11,0,0
14662.0,204,3,524.86,0.71,1,1
14664.0,2,1,389.04,0.61,1,1
14665.0,30,5,1835.7,0.07,0,0
14667.0,0,22,8138.03,0.98,1,1
14669.0,211,3,1269.99,0.29,0,0
14670.0,249,2,411.53,0.01,0,0
14672.0,204,2,765.55,0.09,0,0
14673.0,7,2,678.17,0.78,1,1
14676.0,0,6,2548.2400000000002,0.04,0,0
14680.0,41,15,27586.510000000002,0.92,1,1
14681.0,40,3,498.95,0.55,1,0
14682.0,157,2,52.0,0.09,0,0
14684.0,9,4,923.15,0.76,1,1
14687.0,76,1,628.38,0.18,0,0
14688.0,9,19,4971.0,0.98,1,1
14689.0,178,1,112.8,0.04,0,0
14690.0,13,2,371.7,0.05,0,0
14691.0,0,5,2114.33,0.17,0,0
14692.0,106,4,591.55,0.0,0,0
14693.0,234,1,172.9,0.0,0,0
14696.0,40,6,1778.41,0.85,1,1
14697.0,187,2,188.60999999999999,0.03,0,0
14698.0,17,2,617.77,0.69,1,1
14699.0,183,1,109.13000000000001,0.0,0,0
14700.0,1,3,2235.3,0.36,0,0
14701.0,142,7,1958.28,0.72,1,1
14702.0,2,14,2833.16,0.8,1,1
14704.0,8,6,1134.86,0.91,1,1
14705.0,168,1,179.0,0.01,0,0
14708.0,123,2,701.1800000000001,0.8,1,1
14709.0,0,12,4609.04,0.75,1,1
14710.0,9,2,319.23,0.73,1,1
14711.0,60,9,2365.42,0.77,1,1
14712.0,44,2,421.47,0.66,1,1
14713.0,68,9,2029.61,0.99,1,1
14715.0,64,3,594.75,0.75,1,1
14716.0,12,2,329.68,0.11,0,0
14719.0,30,3,805.34,0.2,0,1
14720.0,58,2,401.13,0.79,1,1
14722.0,116,1,187.92000000000002,0.16,0,0
14723.0,5,5,836.23,0.81,1,1
14727.0,243,1,268.58,0.05,0,0
14729.0,343,1,313.49,0.2,0,0
14730.0,34,7,1760.13,0.8,1,1
14731.0,16,3,380.02,0.06,0,0
14732.0,0,7,2238.38,0.74,1,1
14733.0,80,11,9044.2,0.59,1,1
14735.0,51,26,4347.25,0.93,1,1
14737.0,98,2,1081.75,0.68,1,1
14738.0,12,7,1314.45,0.33,0,0
14739.0,35,5,2857.36,0.2,0,1
14740.0,166,3,1448.21,0.03,0,0
14741.0,23,5,1168.39,0.89,1,1
14744.0,29,6,1011.78,0.8,1,1
14745.0,82,5,1220.26,0.15,0,0
14747.0,218,1,328.2,0.04,0,0
14748.0,93,4,1118.77,0.7,1,1
14752.0,13,1,389.64,0.04,0,0
14753.0,56,1,563.15,0.07,0,0
14754.0,14,2,638.05,0.1,0,0
14755.0,9,9,3615.19,0.93,1,1
14757.0,44,1,420.5,0.06,0,0
14758.0,114,4,1484.06,0.42,0,0
14759.0,82,2,870.85,0.44,0,1
14760.0,266,1,89.2,0.0,0,0
14761.0,28,2,255.9,0.11,0,0
14762.0,233,1,300.52,0.06,0,0
14764.0,16,1,278.3,0.0,0,0
14765.0,81,2,95.5,0.17,0,1
14766.0,50,5,2050.85,0.72,1,1
14768.0,96,1,133.20000000000002,0.22,0,1
14769.0,51,7,10332.78,0.41,0,1
14770.0,201,2,876.42,0.04,0,0
14772.0,81,1,139.26,0.07,0,0
14775.0,27,3,1011.9,0.54,1,0
14776.0,20,11,2538.3,0.7,1,0
14778.0,96,2,730.86,0.25,0,0
14779.0,250,3,386.15,0.05,0,0
14780.0,24,2,447.68,0.04,0,0
14782.0,289,1,200.10000000000002,0.05,0,0
14784.0,293,1,114.68,0.61,1,1
14790.0,89,2,364.04,0.69,1,1
14792.0,33,1,6.2,0.06,0,0
14794.0,0,5,826.6899999999999,0.82,1,1
14795.0,135,1,131.45000000000002,0.14,0,0
14796.0,26,15,7193.4800000000005,0.97,1,1
14798.0,22,3,173.74,0.06,0,0
14799.0,20,1,157.7,0.03,0,0
14800.0,17,12,4339.74,0.36,0,0
14801.0,30,1,193.14,0.02,0,0
14803.0,131,3,845.55,0.04,0,0
14805.0,22,2,253.9,0.2,0,1
14806.0,44,1,193.39000000000001,0.11,0,0
14808.0,9,8,2741.17,0.27,0,0
14810.0,10,11,2087.88,0.83,1,0
14813.0,339,2,155.43,0.05,0,0
14815.0,6,2,778.5,0.06,0,0
14816.0,166,1,271.85,0.05,0,0
14817.0,169,2,1110.34,0.12,0,0
14818.0,43,3,657.8,0.31,0,0
14819.0,33,2,272.07,0.09,0,0
14820.0,3,3,381.29,0.18,0,1
14821.0,336,1,48.800000000000004,0.06,0,0
14823.0,149,3,321.43,0.14,0,0
14824.0,2,3,811.01,0.11,0,1
14825.0,32,9,1650.8100000000002,0.73,1,1
14828.0,166,3,2139.76,0.12,0,0
14829.0,153,3,531.63,0.22,0,1
14830.0,22,1,197.13,0.0,0,0
14834.0,27,4,1195.14,0.89,1,1
14837.0,59,4,1649.5,0.25,0,0
14840.0,237,1,62.85,0.05,0,0
14841.0,22,6,3295.76,0.06,0,0
14842.0,13,4,2824.69,0.24,0,0
14844.0,33,4,3189.81,0.06,0,0
14847.0,118,1,309.4,0.02,0,0
14849.0,6,23,7127.62,0.92,1,1
14850.0,281,1,325.75,0.02,0,0
14851.0,225,1,206.13,0.72,1,1
14852.0,27,6,2836.69,0.21,0,0
14853.0,180,1,214.5,0.51,1,1
14854.0,47,7,2759.83,0.64,1,0
14855.0,88,2,645.65,0.03,0,0
14856.0,5,3,1311.3799999999999,0.04,0,0
14857.0,29,2,1173.12,0.09,0,0
14859.0,49,2,927.12,0.92,1,1
14861.0,21,1,125.79,0.02,0,0
14862.0,118,1,304.09999999999997,0.01,0,1
14865.0,341,1,37.2,0.65,1,1
14866.0,8,10,13855.34,0.98,1,1
14867.0,155,3,710.28,0.18,0,0
14868.0,2,6,2193.36,0.77,1,1
14869.0,72,1,391.31,0.64,1,1
14870.0,231,1,327.25,0.03,0,0
14871.0,147,3,354.75,0.64,1,1
14873.0,179,1,519.68,0.07,0,0
14875.0,77,2,1465.3200000000002,0.2,0,0
14878.0,5,8,1336.69,0.92,1,1
14880.0,46,3,706.19,0.11,0,0
14882.0,3,1,247.9,0.71,1,1
14883.0,9,5,666.0699999999999,0.66,1,1
14885.0,101,1,765.3199999999999,0.12,0,0
14886.0,222,1,364.8,0.02,0,0
14887.0,48,1,1862.0,0.06,0,0
14888.0,176,1,369.2,0.01,0,0
14889.0,305,1,135.9,0.05,0,0
14890.0,223,1,125.65,0.2,0,0
14891.0,117,2,554.38,0.06,0,0
14894.0,54,1,655.75,0.15,0,0
14895.0,9,16,9442.17,0.84,1,1
14896.0,174,2,468.77000000000004,0.07,0,0
14897.0,22,3,746.3199999999999,0.84,1,1
14898.0,103,5,1011.3,0.85,1,1
14901.0,1,8,1226.47,0.8,1,1
14903.0,94,4,2411.82,0.54,1,1
14905.0,127,2,616.15,0.04,0,0
14907.0,68,5,2608.18,0.89,1,1
14908.0,43,1,277.8,0.16,0,0
14910.0,1,2,316.05,0.84,1,1
14911.0,1,163,116932.36,1.0,1,1
14912.0,216,1,482.78999999999996,0.02,0,1
14913.0,5,4,1227.43,0.77,1,0
14915.0,60,2,307.48,0.13,0,0
14916.0,40,4,1268.98,0.21,0,0
14918.0,85,2,1610.15,0.2,0,0
14920.0,182,2,977.77,0.09,0,0
14921.0,170,1,903.01,0.68,1,1
14923.0,20,1,749.1,0.49,0,0
14924.0,215,1,310.05,0.03,0,0
14929.0,1,1,223.88,0.24,0,0
14930.0,78,3,2372.86,0.42,0,0
14931.0,44,3,847.65,0.33,0,1
14932.0,335,1,363.53,0.03,0,0
14934.0,51,2,1890.94,0.27,0,0
14935.0,266,1,1784.71,0.01,0,0
14936.0,3,8,8137.02,0.66,1,0
14937.0,26,3,1621.88,0.21,0,0
14944.0,46,9,4922.51,0.97,1,1
14947.0,41,2,290.82,0.21,0,0
14948.0,40,5,834.27,0.97,1,1
14951.0,48,1,311.69,0.21,0,0
14952.0,29,11,8099.49,0.91,1,0
14957.0,222,1,58.49,0.28,0,0
14958.0,116,3,499.68,0.3,0,0
14959.0,33,4,695.42,0.37,0,0
14960.0,140,1,88.3,0.68,1,1
14961.0,50,8,5899.93,0.78,1,1
14962.0,240,1,126.7,0.24,0,0
14963.0,3,3,918.74,0.84,1,1
14964.0,216,1,206.21,0.2,0,0
14965.0,65,2,599.0,0.35,0,0
14967.0,19,1,463.8,0.04,0,0
14970.0,37,4,1592.06,0.25,0,0
14971.0,4,3,1116.57,0.06,0,0
14972.0,97,1,114.77,0.09,0,0
14973.0,76,3,1314.45,0.17,0,0
14974.0,6,1,114.39,0.06,0,0
14975.0,26,1,279.94,0.11,0,0
14976.0,26,7,790.86,0.57,1,0
14978.0,41,5,1931.42,0.58,1,0
14981.0,215,1,102.12,0.38,0,0
14984.0,150,1,110.17999999999999,0.21,0,1
14985.0,167,2,296.75,0.07,0,0
14987.0,335,1,163.2,0.31,0,1
14988.0,181,1,334.54,0.16,0,0
14995.0,8,2,233.23000000000002,0.13,0,0
14997.0,15,3,546.1999999999999,0.41,0,0
14998.0,139,2,429.87,0.07,0,0
15000.0,17,1,490.52,0.1,0,0
15002.0,85,4,1641.76,0.07,0,0
15004.0,116,1,1246.32,0.06,0,0
15005.0,1,26,5787.4,0.97,1,1
15006.0,20,1,502.09,0.01,0,0
15007.0,128,1,156.91,0.0,0,0
15010.0,5,1,308.94,0.2,0,0
15012.0,23,2,423.04,0.47,0,0
15014.0,12,2,260.17,0.21,0,0
15016.0,142,1,170.04,0.04,0,0
15017.0,3,1,125.58,0.28,0,0
15018.0,8,3,496.21000000000004,0.23,0,0
15019.0,236,1,266.0,0.01,0,0
15021.0,55,6,1428.41,0.92,1,1
15022.0,16,1,353.23,0.34,0,1
15023.0,8,10,6111.12,0.97,1,1
15024.0,29,7,1067.73,0.86,1,1
15025.0,2,1,377.01,0.17,0,0
15026.0,49,3,469.0,0.06,0,0
15027.0,0,4,1066.1499999999999,0.22,0,0
15028.0,12,3,512.43,0.79,1,1
15030.0,41,2,518.28,0.27,0,0
15031.0,79,2,261.79,0.26,0,1
15032.0,225,3,4959.1,0.26,0,0
15033.0,8,8,2137.44,0.84,1,1
15034.0,39,6,3298.86,0.63,1,1
15035.0,59,1,252.73000000000002,0.45,0,0
15036.0,41,3,465.55,0.05,0,0
15038.0,28,6,705.49,0.21,0,0
15039.0,1,44,19486.44,0.99,1,1
15041.0,139,1,180.35,0.02,0,0
15042.0,168,1,135.93,0.0,0,0
15043.0,0,1,537.0,0.21,0,0
15044.0,8,16,6833.26,0.97,1,1
15045.0,121,2,735.66,0.57,1,0
15046.0,15,13,4444.88,0.98,1,1
15047.0,239,1,343.62,0.02,0,0
15048.0,34,4,384.05,0.21,0,0
15049.0,243,1,121.17000000000002,0.06,0,0
15050.0,40,2,1323.18,0.55,1,1
15051.0,18,2,1145.93,0.83,1,1
15052.0,288,1,215.78,0.12,0,0
15053.0,125,2,478.6,0.07,0,1
15054.0,9,1,168.42,0.33,0,1
15057.0,244,2,1489.5,0.03,0,0
15058.0,19,9,1644.04,0.96,1,1
15059.0,10,9,1337.72,0.33,0,0
15061.0,4,45,46967.479999999996,1.0,1,1
15062.0,40,4,987.86,0.15,0,0
15063.0,182,1,370.79999999999995,0.09,0,0
15065.0,7,4,3158.13,0.33,0,0
15066.0,22,1,893.59,0.1,0,0
15067.0,47,3,1744.76,0.31,0,0
15068.0,15,2,553.36,0.57,1,0
15069.0,148,1,1109.53,0.12,0,0
15070.0,342,1,106.2,0.09,0,0
15071.0,63,2,982.07,0.19,0,0
15073.0,155,2,861.96,0.7,1,1
15074.0,74,1,748.87,0.05,0,0
15075.0,47,1,773.03,0.22,0,0
15076.0,142,1,880.85,0.12,0,0
15078.0,3,28,8612.470000000001,0.99,1,1
15079.0,182,4,895.61,0.2,0,0
15081.0,35,4,416.55,0.64,1,1
15083.0,226,1,88.2,0.35,0,0
15087.0,251,1,306.94,0.16,0,0
15088.0,36,1,864.19,0.7,1,1
15089.0,14,4,2182.93,0.76,1,1
15090.0,277,1,381.32,0.0,0,0
15091.0,37,1,480.71,0.07,0,0
15092.0,184,2,457.81,0.1,0,0
15093.0,86,5,4027.1,0.84,1,1
15095.0,73,4,1370.6,0.04,0,0
15096.0,12,1,219.39000000000001,0.0,0,0
15098.0,151,3,39916.5,0.56,1,0
15099.0,53,1,410.48,0.0,0,0
15100.0,303,3,876.0,0.1,0,0
15101.0,328,1,102.28,0.76,1,1
15103.0,0,2,703.36,0.12,0,0
15104.0,166,2,1027.44,0.0,0,0
15105.0,36,4,1717.57,0.39,0,1
15106.0,34,4,1302.46,0.71,1,1
15107.0,280,6,319.5,0.01,0,0
15108.0,111,4,1300.25,0.21,0,0
15109.0,215,1,484.95,0.03,0,0
15110.0,14,3,680.4000000000001,0.74,1,1
15111.0,36,2,1237.8,0.71,1,1
15113.0,23,1,2242.69,0.01,0,1
15114.0,40,9,2252.28,0.86,1,1
15116.0,27,3,1202.75,0.8,1,1
15117.0,19,3,1202.03,0.7,1,1
15118.0,103,1,244.8,0.12,0,0
15119.0,215,1,266.4,0.13,0,0
15120.0,103,1,358.82,0.05,0,0
15121.0,19,2,457.72,0.32,0,0
15122.0,83,3,1633.78,0.12,0,0
15123.0,175,1,1069.47,0.15,0,1
15124.0,161,1,90.75,0.63,1,1
15125.0,30,14,11170.48,0.98,1,1
15127.0,35,1,406.53,0.03,0,0
15128.0,29,4,1471.0,0.53,1,0
15129.0,19,11,3447.4,0.93,1,0
15130.0,139,1,330.11,0.08,0,0
15132.0,25,4,948.4300000000001,0.79,1,1
15133.0,97,3,982.42,0.09,0,0
15134.0,0,7,1236.6100000000001,0.8,1,1
15135.0,208,1,139.05,0.0,0,0
15136.0,65,1,582.9,0.78,1,1
15139.0,209,2,178.96,0.17,0,0
15140.0,21,7,2354.25,0.17,0,0
15142.0,15,1,498.74,0.03,0,0
15143.0,195,1,259.45,0.14,0,0
15144.0,12,15,5358.3,0.85,1,1
15145.0,13,3,1036.37,0.75,1,1
15146.0,134,2,1327.16,0.08,0,0
15147.0,209,1,623.5,0.01,0,0
15149.0,103,1,520.8000000000001,0.11,0,0
15150.0,2,9,5021.88,0.95,1,1
15152.0,18,9,3328.54,1.0,1,1
15153.0,0,1,329.25,0.6,1,0
15154.0,44,1,296.42,0.06,0,0
15156.0,3,1,317.8,0.58,1,1
15157.0,123,2,1505.37,0.64,1,1
15158.0,14,1,401.40000000000003,0.45,0,0
15159.0,19,25,14542.02,0.99,1,1
15160.0,326,1,158.16,0.02,0,0
15163.0,161,1,155.0,0.68,1,1
15164.0,38,3,843.05,0.65,1,0
15165.0,342,1,487.75,0.03,0,0
15167.0,290,1,163.0,0.25,0,0
15171.0,300,1,1289.5,0.12,0,0
15172.0,39,4,1247.95,0.79,1,1
15174.0,292,1,135.75,0.01,0,0
15175.0,41,1,224.14,0.08,0,0
15178.0,229,1,40.5,0.11,0,0
15179.0,23,4,1643.67,0.49,0,1
15180.0,336,1,87.5,0.02,0,0
15181.0,35,3,689.4799999999999,0.51,1,0
15182.0,123,2,622.85,0.08,0,0
15184.0,160,1,235.23000000000002,0.69,1,1
15185.0,39,1,310.62,0.14,0,0
15186.0,137,1,229.26,0.77,1,1
15187.0,0,10,2993.06,0.73,1,1
15189.0,0,35,13771.57,1.0,1,1
15192.0,89,3,1044.32,0.02,0,0
15193.0,30,1,499.32,0.26,0,0
15194.0,1,14,6909.89,0.84,1,1
15197.0,222,2,773.25,0.12,0,1
15198.0,61,2,193.64,0.48,0,0
15199.0,28,4,1268.7,0.14,0,0
15201.0,56,5,1236.54,0.18,0,0
15203.0,49,5,1517.72,0.65,1,1
15204.0,326,1,316.58,0.01,0,0
15205.0,54,2,653.24,0.02,0,0
15206.0,69,3,236.7,0.81,1,1
15208.0,0,4,662.52,0.34,0,1
15210.0,194,1,331.18,0.06,0,0
15211.0,29,2,894.4100000000001,0.07,0,0
15212.0,210,1,101.8,0.0,0,0
15213.0,288,2,328.35,0.04,0,0
15214.0,8,5,1244.55,0.89,1,1
15215.0,16,3,734.94,0.51,1,0
15216.0,57,1,96.6,0.02,0,0
15218.0,23,10,4949.21,0.98,1,1
15219.0,145,1,305.75,0.05,0,0
15220.0,21,6,1778.96,0.23,0,0
15221.0,335,1,403.25,0.06,0,0
15222.0,288,1,585.0,0.01,0,0
15223.0,195,2,755.75,0.12,0,0
15224.0,327,2,322.08,0.0,0,0
15225.0,203,1,409.40000000000003,0.04,0,0
15226.0,280,1,154.41,0.02,0,0
15227.0,6,5,1219.4,0.23,0,0
15228.0,35,4,3386.71,0.1,0,0
15230.0,208,2,429.6,0.06,0,0
15232.0,82,2,612.06,0.03,0,0
15234.0,246,1,197.0,0.02,0,0
15235.0,187,12,2247.51,0.16,0,0
15236.0,268,1,321.05,0.0,0,0
15237.0,47,3,1328.72,0.7,1,1
15238.0,64,2,772.78,0.82,1,1
15239.0,48,1,461.79,0.58,1,1
15240.0,14,5,1706.57,0.13,0,0
15241.0,36,8,1756.44,0.79,1,0
15243.0,43,1,316.68,0.1,0,0
15244.0,34,2,631.57,0.07,0,0
15245.0,103,3,2515.84,0.66,1,0
15246.0,207,2,514.15,0.02,0,0
15247.0,91,1,356.0,0.02,0,0
15249.0,1,13,6688.46,0.88,1,0
15251.0,10,10,10121.11,0.91,1,1
15252.0,5,2,740.78,0.1,0,0
15253.0,58,3,640.6,0.82,1,1
15254.0,96,1,300.36,0.02,0,0
15255.0,36,1,890.85,0.15,0,0
15256.0,118,1,98.45,0.18,0,0
15257.0,252,1,317.15,0.03,0,0
15258.0,138,2,623.16,0.03,0,0
15260.0,69,7,1810.77,0.33,0,0
15261.0,104,1,254.82,0.0,0,0
15262.0,293,1,178.95000000000002,0.08,0,0
15263.0,76,1,156.51,0.01,0,0
15264.0,33,1,393.74,0.07,0,0
15265.0,120,2,1506.1200000000001,0.34,0,0
15266.0,307,1,119.3,0.03,0,0
15267.0,12,4,1587.76,0.91,1,1
15270.0,87,5,1850.29,0.88,1,1
15271.0,6,13,2131.85,0.96,1,1
15272.0,26,2,721.94,0.14,0,0
15275.0,7,1,615.14,0.07,0,0
15276.0,35,1,135.31,0.02,0,0
15277.0,16,1,255.89999999999998,0.01,0,0
15279.0,324,1,290.51,0.08,0,0
15280.0,141,1,113.12,0.23,0,0
15281.0,28,9,2332.15,0.17,0,0
15286.0,19,1,240.55,0.05,0,0
15287.0,40,1,340.98,0.78,1,1
15288.0,12,5,2306.52,0.25,0,0
15289.0,107,2,697.98,0.71,1,1
15290.0,0,15,6405.51,0.88,1,1
15291.0,1,14,4350.18,0.99,1,1
15292.0,170,1,180.94,0.0,0,0
15296.0,20,6,3672.86,0.27,0,0
15297.0,33,1,230.46,0.82,1,1
15298.0,10,9,3834.52,0.94,1,1
15299.0,36,7,4507.01,0.15,0,0
15300.0,33,1,496.44,0.06,0,0
15301.0,20,12,5070.35,0.86,1,0
15303.0,259,1,574.02,0.01,0,0
15304.0,30,8,694.4000000000001,0.41,0,0
15306.0,33,3,1174.35,0.15,0,0
15307.0,65,1,205.3,0.13,0,0
15308.0,243,1,310.47,0.01,0,0
15311.0,4,80,52797.72,1.0,1,1
15312.0,44,4,924.85,0.27,0,0
15313.0,79,1,52.0,0.0,0,0
15314.0,168,1,327.97,0.02,0,0
15315.0,33,2,570.5,0.06,0,0
15316.0,296,1,165.0,0.16,0,0
15319.0,253,1,204.5,0.0,0,0
15320.0,13,1,267.13,0.02,0,0
15321.0,40,3,2748.31,0.13,0,0
15322.0,55,1,679.68,0.12,0,0
15325.0,73,1,162.29,0.05,0,0
15326.0,303,1,311.71,0.07,0,0
15327.0,22,1,208.75,0.0,0,0
15329.0,8,3,1049.7,0.1,0,0
15330.0,1,2,714.96,0.1,0,0
15332.0,335,4,1661.06,0.15,0,0
15333.0,177,1,1028.56,0.14,0,0
15334.0,126,3,351.67,0.13,0,0
15335.0,23,1,173.97,0.0,0,0
15339.0,35,2,574.07,0.04,0,0
15341.0,50,1,2020.52,0.01,0,0
15342.0,99,1,406.09,0.04,0,0
15343.0,56,1,364.5,0.11,0,0
15344.0,1,2,460.64,0.74,1,1
15345.0,15,1,393.54,0.03,0,0
15346.0,302,1,252.42000000000002,0.01,0,0
15347.0,335,1,201.60000000000002,0.01,0,0
15348.0,41,1,158.04,0.0,0,0
15349.0,127,2,473.81,0.06,0,0
15350.0,342,1,115.65,0.03,0,0
15351.0,2,6,1643.97,0.79,1,1
15353.0,224,2,777.02,0.02,0,0
15355.0,22,1,126.25,0.02,0,1
15356.0,0,10,2766.5,0.4,0,0
15358.0,4,20,7517.14,0.89,1,1
15360.0,9,1,427.93,0.21,0,0
15361.0,331,1,418.92,0.02,0,0
15363.0,342,1,326.0,0.59,1,0
15364.0,65,2,913.19,0.15,0,0
15365.0,51,4,1945.15,0.73,1,1
15366.0,44,2,602.51,0.42,0,0
15367.0,26,4,1877.59,0.23,0,0
15370.0,10,7,2386.05,0.67,1,0
15372.0,106,1,2007.3999999999999,0.09,0,0
15373.0,85,9,1686.9,0.9,1,1
15374.0,98,1,168.0,0.2,0,0
15376.0,9,3,1233.3600000000001,0.06,0,0
15379.0,138,7,3703.29,0.16,0,0
15380.0,16,4,1304.96,0.58,1,1
15381.0,183,2,596.85,0.0,0,0
15382.0,54,5,4709.9,0.97,1,1
15384.0,139,2,642.41,0.02,0,0
15385.0,9,1,316.88,0.16,0,0
15386.0,155,1,394.14,0.02,0,0
15388.0,239,1,140.54,0.06,0,0
15389.0,141,1,500.0,0.0,0,0
15392.0,58,2,665.46,0.3,0,1
15393.0,250,1,124.10000000000001,0.59,1,1
15394.0,47,3,1854.14,0.78,1,1
15395.0,295,1,107.45,0.06,0,0
15396.0,82,1,288.18,0.1,0,0
15397.0,259,1,94.0,0.0,0,0
15398.0,47,1,634.85,0.82,1,1
15399.0,48,1,305.17,0.66,1,1
15400.0,61,5,716.2,0.22,0,0
15402.0,118,2,626.77,0.15,0,0
15405.0,158,1,349.1,0.01,0,0
15406.0,0,2,510.71000000000004,0.12,0,0
15407.0,3,4,1056.44,0.21,0,0
15408.0,233,1,267.18,0.04,0,0
15410.0,53,8,3450.84,0.29,0,0
15411.0,39,3,991.26,0.83,1,1
15412.0,140,1,190.53,0.19,0,0
15414.0,6,2,421.5,0.74,1,1
15415.0,282,1,572.8100000000001,0.0,0,0
15416.0,34,4,3984.32,0.16,0,0
15417.0,54,1,508.8,0.03,0,0
15421.0,28,4,950.36,0.12,0,0
15422.0,292,2,97.7,0.06,0,0
15423.0,7,1,43.5,0.33,0,0
15424.0,223,2,383.34,0.0,0,0
15426.0,2,4,1001.23,0.89,1,1
15427.0,2,3,1483.14,0.22,0,0
15429.0,44,1,243.06,0.83,1,1
15433.0,183,2,533.3,0.03,0,0
15434.0,1,4,890.58,0.84,1,1
15436.0,16,2,859.32,0.88,1,1
15437.0,231,1,200.16,0.07,0,0
15438.0,100,1,156.57999999999998,0.04,0,0
15440.0,24,3,383.68,0.02,0,0
15442.0,218,1,594.0,0.01,0,0
15443.0,14,4,1677.03,0.92,1,1
15444.0,9,1,342.9,0.98,1,1
15445.0,233,1,113.5,0.09,0,0
15447.0,300,1,155.17,0.01,0,0
15448.0,282,1,494.64,0.0,0,0
15449.0,154,2,647.7,0.68,1,1
15452.0,40,2,413.33,0.11,0,1
15453.0,5,6,1253.09,0.96,1,1
15454.0,331,1,179.1,0.0,0,0
15456.0,252,3,447.22,0.09,0,0
15457.0,231,1,237.07,0.15,0,0
15460.0,323,1,216.76,0.04,0,0
15462.0,63,3,234.6,0.35,0,0
15464.0,307,1,1048.85,0.08,0,0
15465.0,31,17,6568.179999999999,0.94,1,1
15466.0,54,1,334.53,0.12,0,0
15467.0,114,2,402.56,0.67,1,1
15468.0,20,2,467.51,0.1,0,0
15469.0,19,2,538.55,0.64,1,0
15472.0,82,1,371.56,0.15,0,0
15473.0,27,5,1057.2,0.88,1,1
15475.0,46,1,454.10999999999996,0.06,0,0
15478.0,9,2,1441.42,0.16,0,0
15480.0,85,1,905.5,0.17,0,0
15482.0,5,8,4779.1,0.81,1,1
15483.0,130,4,233.81,0.01,0,0
15484.0,26,2,2030.68,0.6,1,1
15485.0,305,2,1278.63,0.68,1,1
15488.0,62,1,91.32000000000001,0.0,0,0
15489.0,27,2,790.9,0.8,1,1
15491.0,64,6,3100.09,0.28,0,0
15492.0,43,1,487.74,0.18,0,1
15493.0,2,5,2001.8,0.15,0,0
15494.0,90,1,1127.38,0.77,1,1
15497.0,289,1,970.6,0.66,1,1
15498.0,12,25,11788.8,0.99,1,1
15500.0,50,1,406.02,0.04,0,1
15502.0,36,10,9736.98,0.97,1,1
15503.0,332,1,147.09,0.05,0,0
15504.0,50,1,52.83,0.01,0,0
15505.0,22,5,3610.96,0.31,0,0
15506.0,15,2,514.41,0.78,1,1
15507.0,141,1,492.36,0.02,0,0
15508.0,158,6,1000.27,0.17,0,0
15510.0,300,1,250.0,0.0,0,0
15511.0,7,4,744.3,0.78,1,1
15512.0,125,2,121.0,0.03,0,0
15513.0,2,19,14758.220000000001,0.3,0,0
15514.0,3,8,3147.03,0.9,1,1
15516.0,14,3,62.43,0.01,0,0
15517.0,202,1,267.03,0.01,0,0
15518.0,33,8,1942.45,0.77,1,0
15521.0,9,8,3000.2,0.28,0,0
15522.0,2,2,398.84,0.2,0,0
15523.0,53,1,412.01000000000005,0.0,0,0
15525.0,342,1,313.93,0.65,1,1
15526.0,2,2,148.44,0.14,0,0
15527.0,8,7,2249.44,0.72,1,1
15528.0,223,1,229.33,0.11,0,0
15529.0,36,10,3643.69,0.92,1,1
15530.0,119,3,1168.73,0.83,1,1
15532.0,100,3,1225.79,0.69,1,1
15533.0,51,2,554.74,0.7,1,1
15535.0,142,4,536.4,0.07,0,0
15537.0,132,1,110.92,0.12,0,0
15541.0,83,1,85.13000000000001,0.01,0,0
15543.0,257,1,127.86,0.12,0,0
15544.0,89,7,2772.37,0.72,1,1
15545.0,23,2,292.71999999999997,0.13,0,0
15547.0,9,13,4432.43,0.98,1,1
15549.0,46,3,1693.26,0.41,0,0
15550.0,75,3,433.28,0.64,1,1
15551.0,6,1,436.06,0.09,0,0
15552.0,186,1,90.12,0.0,0,0
15553.0,29,1,437.23,0.01,0,0
15554.0,247,1,217.2,0.05,0,0
15555.0,3,14,4022.15,1.0,1,1
15561.0,119,3,449.66999999999996,0.17,0,1
15562.0,321,1,134.55,0.0,0,0
15563.0,170,2,735.62,0.69,1,1
15565.0,19,2,173.16,0.01,0,0
15568.0,14,2,422.52,0.61,1,1
15569.0,73,5,1375.71,0.1,0,0
15570.0,5,10,3785.5,0.94,1,1
15571.0,3,2,398.78000000000003,0.68,1,1
15572.0,79,4,1555.29,0.76,1,1
15573.0,1,2,607.45,0.09,0,0
15574.0,147,4,702.25,0.15,0,0
15576.0,7,1,940.6700000000001,0.2,0,0
15577.0,120,3,258.88,0.05,0,0
15578.0,131,1,127.1,0.05,0,0
15579.0,38,2,348.6,0.16,0,0
15581.0,90,13,3679.9700000000003,0.15,0,0
15582.0,69,2,541.51,0.7,1,1
15584.0,17,3,581.05,0.4,0,1
15585.0,146,1,455.3,0.08,0,0
15587.0,19,4,913.6800000000001,0.12,0,0
15589.0,225,3,478.53000000000003,0.09,0,0
15592.0,16,1,388.58,0.07,0,0
15593.0,40,1,199.8,0.03,0,0
15594.0,51,3,1506.43,0.31,0,1
15596.0,70,5,1406.59,0.21,0,0
15597.0,4,1,324.57,0.1,0,0
15598.0,22,1,240.68,0.01,0,0
15599.0,173,1,448.83,0.67,1,1
15601.0,25,13,6598.16,0.99,1,1
15602.0,40,6,945.19,0.87,1,1
15603.0,48,1,48.480000000000004,0.02,0,0
15604.0,21,1,216.39,0.01,0,0
15605.0,5,5,1198.23,0.5,0,0
15606.0,30,9,2920.16,0.25,0,0
15607.0,306,1,104.76,0.23,0,0
15608.0,29,3,971.28,0.68,1,1
15609.0,153,1,298.48,0.17,0,0
15610.0,21,1,112.46000000000001,0.02,0,0
15611.0,12,11,1340.3400000000001,0.9,1,1
15612.0,5,2,195.15,0.03,0,0
15615.0,0,22,9360.65,0.98,1,1
15618.0,2,4,776.851,0.27,0,0
15620.0,26,3,1553.18,0.11,0,0
15622.0,12,9,3709.56,0.91,1,0
15623.0,110,1,301.03,0.01,0,0
15624.0,86,4,588.13,0.05,0,0
15625.0,73,4,1534.26,0.14,0,0
15626.0,44,2,675.8,0.37,0,0
15628.0,16,7,2363.36,0.68,1,1
15630.0,14,2,1186.35,0.16,0,0
15632.0,33,7,2978.96,0.73,1,1
15636.0,59,2,724.76,0.48,0,0
15637.0,22,1,223.36,0.02,0,0
15639.0,103,1,425.32,0.03,0,0
15640.0,5,13,10442.32,0.6,1,1
15641.0,74,4,1887.2,0.1,0,0
15643.0,161,3,664.0,0.08,0,0
15644.0,135,4,813.0,0.41,0,0
15646.0,127,3,447.64000000000004,0.03,0,0
15648.0,173,2,657.35,0.08,0,0
15649.0,305,2,816.0,0.35,0,0
15651.0,6,3,646.3,0.16,0,0
15652.0,60,1,337.74,0.08,0,0
15653.0,62,2,877.4399999999999,0.55,1,0
15655.0,212,1,560.67,0.02,0,0
15656.0,14,4,748.5,0.3,0,0
15658.0,159,5,1024.1000000000001,0.14,0,0
15659.0,13,1,306.45,0.02,0,0
15660.0,54,7,1256.5,0.86,1,1
15661.0,286,2,309.8,0.1,0,0
15663.0,75,1,138.14,0.03,0,0
15664.0,20,1,386.43,0.0,0,0
15665.0,137,2,2242.01,0.08,0,0
15667.0,9,1,301.32,0.26,0,0
15668.0,187,1,76.32000000000001,0.01,0,0
15669.0,9,4,684.34,0.22,0,0
15670.0,266,1,173.05,0.1,0,0
15671.0,64,5,1972.89,0.9,1,1
15673.0,57,4,2881.02,0.24,0,0
15674.0,42,5,2446.6,0.1,0,0
15675.0,50,3,323.69,0.01,0,0
15676.0,4,2,3267.84,0.71,1,1
15677.0,18,1,657.23,0.2,0,0
15678.0,22,1,352.7,0.13,0,0
15679.0,123,2,260.26,0.65,1,1
15680.0,9,2,1021.71,0.79,1,1
15681.0,152,3,703.22,0.66,1,1
15683.0,86,1,193.75,0.02,0,0
15687.0,34,6,2241.18,0.69,1,1
15689.0,89,2,254.1,0.08,0,0
15690.0,70,1,111.0,0.57,1,1
15691.0,221,1,136.8,0.01,0,0
15694.0,36,10,4716.04,0.96,1,1
15695.0,236,2,409.98,0.03,0,0
15696.0,2,8,2736.46,0.31,0,0
15700.0,141,2,696.68,0.16,0,0
15701.0,37,3,1223.2,0.79,1,1
15703.0,234,1,211.5,0.13,0,0
15704.0,109,4,2293.62,0.51,1,0
15705.0,170,1,143.1,0.01,0,0
15706.0,33,4,1060.56,0.57,1,0
15707.0,4,4,945.58,0.1,0,0
15708.0,10,7,3364.2400000000002,0.12,0,0
15709.0,253,1,133.25,0.01,0,0
15712.0,40,4,865.9100000000001,0.67,1,1
15713.0,112,2,356.7,0.04,0,0
15714.0,47,1,132.48000000000002,0.66,1,1
15716.0,115,4,1118.81,0.69,1,0
15717.0,203,1,150.3,0.01,0,0
15719.0,2,13,5045.61,0.97,1,0
15722.0,5,5,2222.56,0.13,0,0
15723.0,334,1,203.1,0.02,0,0
15724.0,170,2,218.25,0.0,0,0
15727.0,76,6,4609.29,0.8,1,1
15729.0,182,1,85.0,0.02,0,0
15730.0,35,3,1120.88,0.37,0,0
15732.0,181,2,294.12,0.0,0,0
15733.0,252,1,162.3,0.28,0,0
15734.0,84,2,1339.45,0.1,0,0
15737.0,48,6,1081.51,0.8,1,1
15738.0,12,15,4495.52,0.96,1,1
15739.0,35,1,449.12,0.0,0,0
15740.0,18,1,154.88,0.03,0,0
15743.0,6,3,571.61,0.7,1,1
15744.0,47,1,34.8,0.13,0,0
15745.0,3,3,917.28,0.84,1,1
15746.0,103,1,196.88,0.03,0,0
15747.0,89,2,549.47,0.1,0,1
15748.0,9,1,149.31,0.33,0,0
15749.0,204,3,44534.3,0.44,0,0
15750.0,7,6,1937.95,0.82,1,1
15752.0,9,7,2637.38,0.28,0,0
15753.0,274,1,79.2,0.0,0,0
15754.0,20,3,458.57,0.05,0,0
15755.0,43,5,2076.7400000000002,0.19,0,1
15756.0,30,4,532.96,0.13,0,0
15757.0,35,2,714.42,0.01,0,0
15759.0,187,3,253.04,0.06,0,0
15762.0,34,2,583.75,0.1,0,0
15763.0,1,2,1086.92,0.17,0,0
15764.0,57,6,3279.97,0.22,0,0
15766.0,33,1,315.06,0.1,0,0
15768.0,85,3,621.8299999999999,0.08,0,0
15769.0,0,25,52848.72,1.0,1,1
15774.0,38,1,270.8,0.65,1,0
15775.0,214,1,104.9,0.05,0,0
15776.0,102,1,241.62,0.03,0,0
15777.0,210,4,1047.11,0.27,0,0
15780.0,153,3,475.28000000000003,0.09,0,0
15781.0,107,2,211.3,0.66,1,1
15782.0,19,2,2164.34,0.73,1,1
15785.0,2,5,2328.9700000000003,0.21,0,0
15786.0,15,3,4932.2,0.16,0,0
15787.0,30,1,492.05,0.68,1,1
15789.0,327,1,351.3,0.0,0,0
15791.0,13,2,1612.69,0.07,0,0
15793.0,9,2,612.0,0.51,1,1
15795.0,119,1,610.01,0.03,0,0
15796.0,41,6,1887.71,0.78,1,1
15797.0,82,4,2207.4,0.23,0,0
15799.0,45,3,884.14,0.14,0,0
15800.0,76,2,699.08,0.12,0,0
15801.0,15,3,1063.95,0.19,0,0
15802.0,112,1,451.42,0.03,0,0
15803.0,20,1,415.82000000000005,0.0,0,0
15804.0,6,10,3535.95,0.98,1,1
15805.0,1,16,5158.08,0.94,1,1
15806.0,15,3,784.58,0.21,0,0
15807.0,19,3,903.9,0.27,0,0
15808.0,275,4,3734.9700000000003,0.14,0,0
15809.0,5,5,515.77,0.51,1,0
15810.0,48,4,1391.98,0.2,0,0
15811.0,75,5,1773.8,0.68,1,1
15812.0,76,5,1801.14,0.19,0,0
15813.0,177,2,1303.9099999999999,0.18,0,0
15814.0,5,3,1577.19,0.38,0,1
15815.0,33,5,2100.6,0.07,0,0
15819.0,18,4,1905.45,0.41,0,0
15820.0,289,1,206.98,0.06,0,0
15821.0,13,2,570.96,0.51,1,0
15822.0,328,1,440.2,0.18,0,1
15823.0,341,1,15.0,0.07,0,0
15825.0,141,1,532.94,0.04,0,0
15826.0,25,3,1654.31,0.23,0,0
15827.0,42,14,1836.0900000000001,0.85,1,0
15829.0,68,2,636.14,0.35,0,0
15830.0,7,1,576.0,0.05,0,0
15831.0,27,3,801.76,0.19,0,0
15832.0,223,1,836.79,0.3,0,0
15834.0,39,4,2233.75,0.19,0,0
15835.0,13,4,954.09,0.08,0,0
15836.0,19,1,137.37,0.11,0,0
15837.0,34,1,391.98,0.01,0,0
15838.0,34,14,28333.58,0.99,1,1
15839.0,2,3,1048.49,0.09,0,0
15840.0,28,2,355.56,0.19,0,0
15841.0,42,4,1224.06,0.76,1,0
15843.0,273,1,118.95000000000002,0.03,0,0
15844.0,15,1,130.73999999999998,0.19,0,0
15845.0,5,7,3410.48,0.61,1,1
15847.0,7,2,389.27,0.08,0,0
15850.0,137,1,118.88,0.71,1,1
15852.0,156,2,160.71,0.0,0,0
15853.0,21,1,110.8,0.05,0,0
15854.0,56,10,2839.94,0.96,1,1
15855.0,106,5,712.24,0.27,0,0
15856.0,14,21,13276.87,0.98,1,1
15858.0,29,4,1247.84,0.7,1,1
15860.0,10,8,977.21,0.49,0,0
15861.0,15,4,1693.74,0.91,1,1
15862.0,81,3,659.73,0.25,0,1
15863.0,162,1,9.2,0.72,1,1
15864.0,36,4,1478.4,0.91,1,1
15865.0,10,3,895.13,0.16,0,0
15866.0,70,1,230.53,0.21,0,0
15867.0,39,13,3307.62,0.95,1,1
15869.0,246,2,149.64,0.18,0,0
15870.0,2,1,354.09000000000003,0.14,0,0
15874.0,33,7,4405.88,0.3,0,0
15880.0,338,1,343.28000000000003,0.08,0,0
15881.0,281,5,501.39000000000004,0.01,0,0
15882.0,168,4,516.36,0.02,0,0
15883.0,2,1,143.76,0.62,1,1
15885.0,62,3,379.35,0.22,0,0
15886.0,29,1,181.09,0.0,0,0
15888.0,50,1,168.31,0.03,0,0
15889.0,126,2,446.87,0.12,0,0
15891.0,196,1,524.52,0.0,0,0
15894.0,222,2,263.55,0.3,0,0
15895.0,119,1,179.17,0.04,0,0
15897.0,163,2,222.05,0.0,0,0
15898.0,196,4,1002.99,0.74,1,1
15899.0,338,1,56.25,0.07,0,0
15901.0,47,2,233.35,0.69,1,1
15903.0,39,4,2520.36,0.61,1,1
15906.0,37,5,1388.2,0.95,1,1
15907.0,146,2,529.52,0.47,0,1
15909.0,143,1,191.94,0.03,0,0
15910.0,34,6,851.77,0.98,1,1
15912.0,147,2,264.62,0.11,0,0
15916.0,46,6,967.4300000000001,0.94,1,1
15917.0,217,1,123.1,0.1,0,0
15918.0,160,2,334.23,0.05,0,0
15919.0,338,1,270.72,0.1,0,1
15920.0,123,4,167.5,0.04,0,0
15921.0,142,1,336.03000000000003,0.04,0,0
15922.0,342,1,369.5,0.03,0,0
15923.0,342,1,127.08,0.03,0,0
15925.0,163,1,207.15,0.07,0,0
15930.0,36,1,426.63,0.0,0,0
15932.0,57,7,2195.65,0.49,0,1
15933.0,40,2,728.27,0.24,0,1
15935.0,208,2,416.86,0.02,0,0
15937.0,33,1,145.35,0.02,0,0
15938.0,81,5,404.58,0.18,0,0
15939.0,59,15,6115.01,0.85,1,0
15940.0,280,1,35.8,0.1,0,0
15942.0,103,1,337.44,0.09,0,0
15944.0,246,1,325.1,0.0,0,0
15945.0,334,1,181.0,0.03,0,0
15947.0,52,1,1708.24,0.01,0,0
15948.0,13,1,644.24,0.77,1,1
15949.0,40,1,237.04000000000002,0.69,1,1
15950.0,1,4,1765.51,0.14,0,0
15951.0,255,1,375.16999999999996,0.0,0,1
15952.0,3,4,806.57,0.16,0,0
15953.0,16,6,1239.6399999999999,0.94,1,1
15955.0,12,13,3845.28,1.0,1,1
15957.0,1,1,428.89,0.11,0,0
15958.0,43,1,104.35,0.04,0,0
15963.0,14,1,280.04,0.12,0,1
15965.0,336,1,156.19,0.68,1,1
15967.0,288,1,173.8,0.73,1,1
15969.0,19,2,531.1,0.72,1,1
15970.0,273,1,314.1,0.01,0,0
15971.0,22,11,3995.85,0.98,1,1
15973.0,336,1,307.82000000000005,0.03,0,0
15974.0,8,7,3442.15,0.35,0,0
15975.0,53,1,371.01,0.05,0,0
15976.0,134,2,430.94,0.04,0,0
15977.0,8,1,355.63,0.57,1,1
15978.0,46,1,1098.78,0.22,0,0
15980.0,58,3,2398.86,0.35,0,0
15981.0,46,7,2849.88,0.57,1,1
15983.0,330,3,1148.27,0.37,0,1
15984.0,40,8,2091.96,0.75,1,1
15985.0,92,2,1142.42,0.1,0,0
15987.0,90,6,1206.42,0.82,1,1
15990.0,13,2,792.11,0.03,0,0
15993.0,2,3,1725.36,0.67,1,1
15994.0,24,1,427.07,0.01,0,0
15996.0,57,6,1060.68,0.52,1,0
15998.0,6,5,3089.97,0.15,0,0
16003.0,104,3,1793.9,0.72,1,1
16005.0,152,2,298.08,0.63,1,1
16006.0,180,1,101.4,0.04,0,0
16007.0,17,4,1701.94,0.29,0,0
16008.0,44,2,330.71,0.71,1,1
16009.0,1,3,933.71,0.12,0,1
16010.0,215,3,407.5,0.01,0,0
16011.0,13,14,2712.59,0.9,1,1
16012.0,4,3,1415.29,0.07,0,0
16013.0,14,42,31053.76,1.0,1,1
16014.0,7,3,662.38,0.09,0,0
16015.0,18,1,300.77,0.15,0,1
16016.0,5,6,1213.68,0.92,1,1
16017.0,16,1,211.88,0.07,0,0
16018.0,8,2,408.90000000000003,0.07,0,0
16019.0,16,9,3786.2400000000002,0.95,1,0
16020.0,34,1,518.8,0.18,0,1
16022.0,229,1,628.28,0.15,0,0
16023.0,15,3,719.81,0.2,0,0
16026.0,12,1,236.09,0.12,0,0
16027.0,61,6,934.62,0.2,0,0
16029.0,8,63,81024.84,0.99,1,0
16030.0,279,1,331.24,0.01,0,0
16031.0,61,2,548.94,0.16,0,0
16033.0,2,19,8394.53,0.92,1,1
16034.0,165,3,437.7,0.01,0,0
16036.0,56,2,758.92,0.27,0,0
16037.0,239,3,855.02,0.14,0,0
16038.0,146,2,393.33,0.68,1,1
16040.0,34,3,1313.55,0.2,0,0
16041.0,0,3,3166.4,0.19,0,0
16042.0,26,4,892.8,0.88,1,1
16043.0,7,4,773.99,0.5,0,0
16045.0,89,4,1340.7,0.13,0,0
16048.0,342,2,256.44,0.14,0,0
16049.0,9,3,1111.79,0.1,0,0
16050.0,143,1,137.9,0.13,0,0
16052.0,23,1,362.06,0.02,0,0
16053.0,2,2,1511.95,0.68,1,0
16054.0,114,1,783.9,0.14,0,0
16055.0,190,1,134.8,0.0,0,0
16056.0,14,1,664.85,0.49,0,0
16057.0,65,6,1544.23,0.89,1,1
16059.0,35,6,1459.8600000000001,0.7,1,0
16062.0,103,3,778.14,0.73,1,1
16063.0,229,1,335.32,0.52,1,0
16065.0,334,1,372.09,0.0,0,0
16066.0,1,4,1248.52,0.92,1,1
16070.0,1,1,686.85,0.78,1,1
16071.0,14,1,326.24,0.15,0,0
16072.0,257,1,584.3199999999999,0.01,0,0
16073.0,266,1,122.39999999999999,0.01,0,0
16076.0,22,8,1887.57,0.61,1,1
16078.0,253,1,79.2,0.01,0,0
16079.0,9,1,508.22,0.09,0,1
16080.0,51,2,217.16,0.57,1,0
16081.0,25,5,2806.9,0.28,0,0
16083.0,70,2,1317.62,0.17,0,0
16084.0,268,1,436.18,0.01,0,0
16085.0,27,4,739.98,0.5,0,1
16086.0,28,5,1121.39,0.24,0,0
16091.0,124,2,315.06,0.27,0,0
16092.0,84,3,817.86,0.37,0,0
16093.0,76,1,17.0,0.0,0,0
16094.0,188,1,252.1,0.68,1,1
16096.0,233,1,320.62,0.01,0,0
16097.0,209,1,185.04999999999998,0.01,0,0
16098.0,57,7,2005.63,0.3,0,0
16099.0,19,3,731.9,0.7,1,0
16101.0,40,1,1290.7,0.43,0,0
16102.0,11,3,1842.14,0.16,0,0
16103.0,49,5,1413.14,0.87,1,1
16104.0,31,1,302.36,0.04,0,0
16105.0,218,1,336.96,0.08,0,0
16106.0,35,1,108.38,0.03,0,0
16107.0,11,5,2307.52,0.78,1,1
16108.0,54,1,842.5,0.07,0,0
16109.0,188,2,611.88,0.01,0,0
16110.0,14,3,1337.48,0.37,0,0
16112.0,112,4,195.73999999999998,0.02,0,0
16113.0,152,1,161.38,0.25,0,0
16114.0,140,1,135.75000000000003,0.32,0,0
16115.0,10,7,1518.96,0.56,1,1
16116.0,181,1,612.78,0.04,0,0
16117.0,159,1,232.21,0.15,0,0
16119.0,42,1,309.48,0.69,1,1
16120.0,28,4,1309.14,0.09,0,0
16121.0,26,2,867.11,0.19,0,0
16122.0,42,4,684.4200000000001,0.07,0,0
16123.0,21,1,307.78,0.05,0,0
16124.0,286,1,249.0,0.53,1,0
16125.0,336,1,289.35,0.03,0,0
16126.0,71,3,3706.7000000000003,0.82,1,1
16127.0,8,1,656.25,0.01,0,0
16128.0,6,4,1690.5800000000002,0.76,1,1
16131.0,21,6,3506.54,0.12,0,0
16133.0,9,28,12979.52,1.0,1,1
16134.0,328,1,283.53000000000003,0.65,1,1
16135.0,232,1,517.55,0.0,0,0
16136.0,29,3,709.38,0.26,0,0
16139.0,81,2,306.37,0.72,1,1
16140.0,35,2,725.18,0.07,0,0
16141.0,57,1,620.4,0.14,0,0
16142.0,219,1,535.34,0.0,0,0
16143.0,77,5,1949.3600000000001,0.16,0,1
16144.0,216,1,175.2,0.02,0,0
16145.0,9,10,3432.1,0.99,1,1
16146.0,126,3,734.13,0.22,0,0
16147.0,103,1,375.0,0.03,0,0
16148.0,265,1,76.32000000000001,0.12,0,0
16149.0,111,1,163.68,0.73,1,1
16150.0,12,5,2053.02,0.01,0,0
16152.0,238,1,1829.04,0.02,0,0
16153.0,19,5,1824.23,0.11,0,0
16156.0,19,7,2410.4300000000003,0.78,1,1
16157.0,42,1,168.32,0.07,0,1
16159.0,251,1,348.2,0.0,0,0
16160.0,34,2,1025.44,0.03,0,0
16161.0,28,15,4300.88,0.89,1,1
16162.0,221,1,37.4,0.06,0,0
16163.0,201,2,856.6,0.05,0,0
16164.0,12,1,245.35999999999999,0.66,1,1
16168.0,3,22,3329.34,0.98,1,1
16169.0,9,2,904.8000000000001,0.68,1,1
16170.0,20,6,1885.05,0.21,0,0
16171.0,28,1,73.2,0.0,0,0
16172.0,64,5,1140.21,0.17,0,0
16173.0,7,5,1119.47,0.69,1,1
16174.0,95,3,1009.5500000000001,0.1,0,0
16175.0,63,4,1037.59,0.01,0,0
16177.0,19,1,331.95,0.02,0,0
16178.0,107,1,197.9,0.05,0,0
16179.0,30,1,215.83,0.0,0,0
16180.0,69,8,10254.18,0.28,0,0
16181.0,42,1,305.54,0.58,1,0
16182.0,41,4,6617.65,0.09,0,0
16183.0,36,1,338.71000000000004,0.1,0,0
16184.0,33,6,1158.79,0.41,0,0
16185.0,202,1,335.0,0.67,1,1
16186.0,15,11,3594.14,0.97,1,1
16187.0,1,15,6911.4400000000005,0.42,0,0
16188.0,14,4,981.86,0.17,0,0
16189.0,54,1,144.48,0.81,1,1
16190.0,9,1,215.08,0.11,0,0
16191.0,21,10,4082.26,1.0,1,1
16193.0,206,1,314.45,0.03,0,0
16198.0,44,1,400.68100000000004,0.14,0,0
16200.0,133,1,550.57,0.63,1,1
16201.0,14,2,782.83,0.05,0,1
16202.0,330,1,365.27,0.01,0,0
16203.0,28,4,592.9,0.21,0,0
16205.0,0,4,761.38,0.21,0,0
16206.0,24,4,537.0600000000001,0.12,0,0
16208.0,14,2,664.26,0.16,0,0
16209.0,58,5,2262.62,0.26,0,0
16210.0,0,15,14788.82,0.85,1,1
16211.0,58,1,547.02,0.04,0,0
16212.0,252,1,498.15000000000003,0.07,0,1
16213.0,48,1,159.0,0.03,0,0
16214.0,140,3,1062.75,0.2,0,0
16215.0,50,1,242.35,0.15,0,0
16216.0,236,1,914.9300000000001,0.03,0,0
16217.0,204,2,304.25,0.01,0,0
16218.0,84,6,2635.48,0.41,0,1
16221.0,6,3,864.86,0.08,0,0
16222.0,287,1,846.72,0.22,0,0
16224.0,26,4,1295.3,0.47,0,0
16225.0,14,5,1096.32,0.18,0,0
16226.0,172,3,255.12,0.01,0,0
16227.0,194,1,314.22,0.07,0,0
16229.0,56,2,1010.6,0.11,0,0
16230.0,159,2,542.03,0.05,0,0
16232.0,13,4,990.88,0.05,0,0
16233.0,40,3,536.6800000000001,0.42,0,0
16235.0,10,5,867.31,0.93,1,0
16236.0,47,1,432.2,0.01,0,0
16239.0,26,2,414.2,0.02,0,0
16240.0,46,1,1824.79,0.12,0,1
16241.0,1,12,1998.47,0.9,1,1
16242.0,1,5,2520.1,0.82,1,1
16243.0,3,2,409.1,0.47,0,0
16244.0,181,2,1522.75,0.03,0,0
16245.0,91,2,769.7,0.73,1,1
16247.0,139,1,114.56,0.34,0,0
16248.0,31,1,152.94,0.0,0,0
16249.0,22,5,1800.07,0.07,0,0
16250.0,230,2,389.44,0.01,0,0
16253.0,36,2,3683.86,0.16,0,0
16255.0,65,7,2182.79,0.86,1,1
16256.0,236,1,752.4300000000001,0.02,0,0
16257.0,146,1,46.95,0.09,0,0
16258.0,14,5,5203.51,0.87,1,0
16260.0,20,1,1035.45,0.02,0,0
16261.0,44,3,562.43,0.63,1,1
16265.0,12,8,4657.1,0.9,1,1
16266.0,43,7,861.89,0.76,1,0
16268.0,40,2,667.65,0.17,0,0
16270.0,322,1,1141.24,0.24,0,0
16271.0,95,3,893.03,0.78,1,1
16272.0,86,1,411.7,0.12,0,0
16274.0,342,1,357.95,0.03,0,0
16275.0,166,1,559.87,0.02,0,0
16276.0,146,1,810.6000000000001,0.2,0,0
16278.0,69,1,566.38,0.21,0,0
16279.0,56,2,730.98,0.69,1,1
16281.0,41,1,2062.06,0.06,0,0
16282.0,309,1,168.3,0.03,0,0
16283.0,37,4,1330.14,0.79,1,1
16284.0,0,2,823.97,0.19,0,0
16287.0,139,1,142.5,0.12,0,0
16292.0,91,1,302.25,0.1,0,0
16293.0,18,9,1906.16,0.97,1,1
16295.0,27,2,692.3,0.82,1,1
16297.0,238,1,301.9,0.03,0,0
16298.0,21,2,353.54,0.75,1,1
16302.0,96,1,233.22,0.11,0,0
16303.0,85,2,4036.33,0.74,1,1
16305.0,108,1,361.21999999999997,0.08,0,0
16306.0,183,6,632.27,0.35,0,0
16308.0,7,4,2560.0,0.17,0,0
16309.0,75,2,706.57,0.03,0,0
16311.0,18,1,401.55,0.62,1,1
16313.0,19,1,167.62,0.67,1,1
16315.0,300,1,226.37,0.01,0,0
16316.0,33,8,2938.91,0.77,1,0
16317.0,89,3,1341.65,0.17,0,0
16318.0,4,1,328.15,0.07,0,0
16319.0,187,1,404.40000000000003,0.48,0,0
16320.0,141,2,1038.46,0.12,0,0
16321.0,41,5,373.65000000000003,0.2,0,0
16322.0,5,1,213.07999999999998,0.71,1,1
16323.0,165,1,207.50000000000003,0.01,0,0
16324.0,97,3,428.68,0.14,0,0
16325.0,16,3,594.24,0.37,0,0
16326.0,3,12,2549.57,0.9,1,1
16327.0,49,5,3172.39,0.83,1,1
16330.0,81,2,48.96,0.19,0,1
16332.0,13,6,1390.89,0.9,1,1
16333.0,5,20,25079.600000000002,0.94,1,1
16337.0,6,1,151.05,0.21,0,0
16338.0,126,1,214.79999999999998,0.09,0,0
16339.0,253,1,109.95,0.07,0,0
16340.0,76,1,549.07,0.07,0,0
16341.0,55,2,1531.89,0.46,0,1
16342.0,44,4,322.41,0.14,0,0
16344.0,127,1,101.10000000000001,0.08,0,0
16345.0,13,1,575.41,0.12,0,0
16347.0,5,1,444.29,0.08,0,1
16348.0,1,7,1469.45,0.07,0,0
16349.0,260,1,53.5,0.13,0,0
16350.0,34,3,1001.87,0.51,1,1
16351.0,302,1,153.9,0.01,0,0
16352.0,7,1,204.92000000000002,0.77,1,1
16353.0,1,19,5056.56,0.98,1,1
16354.0,32,2,395.8,0.03,0,0
16356.0,167,3,211.77,0.0,0,0
16357.0,2,3,658.88,0.06,0,0
16358.0,33,3,1594.3400000000001,0.37,0,1
16359.0,34,8,1640.19,0.74,1,1
16360.0,8,4,2012.35,0.28,0,1
16361.0,9,2,604.3,0.6,1,1
16362.0,1,5,734.77,0.63,1,0
16363.0,22,1,109.36000000000001,0.01,0,0
16364.0,106,1,347.55,0.63,1,1
16365.0,6,8,1143.77,0.89,1,1
16367.0,6,2,804.49,0.06,0,0
16369.0,50,2,851.69,0.87,1,1
16370.0,51,4,1320.56,0.33,0,0
16372.0,2,2,367.93,0.09,0,0
16374.0,35,2,473.03000000000003,0.15,0,0
16377.0,236,1,676.2,0.13,0,0
16378.0,216,3,362.95,0.03,0,0
16379.0,6,2,1302.68,0.69,1,1
16380.0,30,1,1780.59,0.09,0,0
16383.0,44,2,668.36,0.18,0,0
16384.0,59,2,584.5,0.57,1,0
16385.0,29,3,555.89,0.17,0,0
16386.0,223,1,61.10000000000001,0.64,1,1
16387.0,292,1,94.36,0.03,0,0
16389.0,22,4,1382.07,0.06,0,0
16392.0,239,1,221.19,0.32,0,0
16393.0,22,10,2119.63,0.79,1,1
16394.0,26,5,1555.34,0.43,0,0
16395.0,30,5,1486.9,0.17,0,0
16398.0,123,2,1705.8,0.17,0,0
16399.0,204,1,178.41,0.0,0,1
16400.0,64,1,303.93,0.08,0,0
16401.0,14,9,3079.96,0.9,1,1
16402.0,234,2,299.6,0.05,0,0
16403.0,281,1,177.5,0.08,0,0
16404.0,39,1,443.05,0.0,0,0
16405.0,271,2,167.25,0.03,0,0
16407.0,43,9,1794.76,0.96,1,1
16409.0,5,5,2028.88,0.14,0,0
16411.0,338,1,131.5,0.18,0,1
16412.0,23,1,151.83,0.03,0,0
16413.0,26,1,262.2,0.17,0,0
16414.0,249,1,50.8,0.61,1,1
16415.0,13,1,210.35,0.04,0,0
16416.0,12,2,678.72,0.84,1,1
16418.0,14,3,675.27,0.22,0,0
16419.0,82,6,972.23,0.21,0,0
16422.0,1,48,33330.9,1.0,1,1
16424.0,160,1,133.56,0.13,0,0
16425.0,271,1,302.7,0.07,0,0
16426.0,4,6,1155.91,0.9,1,1
16427.0,232,2,241.06,0.24,0,0
16429.0,75,1,284.55,0.02,0,0
16430.0,26,1,300.85,0.16,0,0
16431.0,182,3,642.81,0.06,0,0
16432.0,33,1,287.4,0.22,0,0
16434.0,3,6,1337.07,0.95,1,1
16438.0,5,3,468.03000000000003,0.08,0,1
16440.0,21,3,1808.83,0.59,1,1
16441.0,36,2,381.2,0.1,0,0
16442.0,197,2,437.03,0.69,1,1
16444.0,15,4,654.67,0.17,0,0
16445.0,3,1,230.51,0.23,0,0
16446.0,175,1,2.9,0.72,1,1
16447.0,105,1,259.01,0.03,0,0
16448.0,167,1,188.89000000000001,0.0,0,0
16449.0,167,2,707.69,0.09,0,0
16450.0,119,1,311.92,0.0,0,0
16451.0,57,1,266.97,0.31,0,0
16454.0,14,2,6.9,0.03,0,0
16455.0,33,7,1841.18,0.26,0,0
16456.0,68,5,2158.37,0.82,1,0
16457.0,187,1,208.36,0.03,0,0
16458.0,7,15,2863.98,0.48,0,1
16460.0,42,2,512.1,0.71,1,1
16461.0,147,1,151.42,0.2,0,0
16462.0,43,3,136.0,0.51,1,0
16463.0,21,3,1119.3899999999999,0.76,1,1
16464.0,49,2,998.25,0.43,0,1
16466.0,3,7,1603.46,0.52,1,0
16468.0,43,1,74.9,0.0,0,0
16469.0,56,3,462.72,0.69,1,1
16470.0,21,4,762.39,0.12,0,0
16471.0,244,1,223.95000000000002,0.11,0,0
16473.0,134,3,316.11,0.08,0,0
16474.0,20,5,1398.49,0.86,1,1
16475.0,57,4,544.3,0.7,1,0
16477.0,33,7,2494.46,0.25,0,0
16478.0,34,2,235.9,0.85,1,1
16480.0,45,1,769.29,0.21,0,0
16483.0,161,1,139.35,0.24,0,0
16484.0,143,2,404.3,0.25,0,0
16485.0,46,1,363.65,0.13,0,0
16488.0,2,3,498.8,0.37,0,0
16491.0,16,1,731.5,0.28,0,0
16493.0,49,4,1351.63,0.21,0,0
16494.0,266,1,826.53,0.04,0,0
16495.0,245,2,246.51,0.83,1,1
16496.0,177,2,1185.04,0.68,1,1
16497.0,19,6,2965.69,0.38,0,0
16498.0,130,2,100.97,0.02,0,0
16499.0,329,2,365.45,0.02,0,0
16500.0,5,3,250.32,0.21,0,1
16503.0,76,4,1431.93,0.44,0,0
16505.0,1,1,777.6,0.36,0,0
16506.0,9,1,55.2,0.69,1,1
16509.0,266,1,363.7,0.0,0,0
16510.0,341,1,248.1,0.09,0,0
16511.0,114,2,582.7,0.26,0,1
16513.0,12,1,108.45000000000002,0.74,1,1
16515.0,21,5,1627.13,0.28,0,0
16517.0,246,1,162.7,0.11,0,0
16518.0,30,2,484.32,0.01,0,0
16519.0,334,1,103.7,0.8,1,1
16520.0,155,3,1046.57,0.06,0,0
16523.0,2,18,7790.31,0.97,1,1
16525.0,6,24,12364.19,1.0,1,1
16526.0,141,1,290.36,0.11,0,0
16527.0,50,1,228.06,0.09,0,0
16529.0,159,1,455.25,0.01,0,0
16531.0,6,6,1112.64,0.73,1,1
16532.0,105,2,4516.8,0.69,1,1
16533.0,23,2,987.86,0.8,1,1
16536.0,79,1,548.97,0.03,0,0
16539.0,189,3,1053.61,0.6,1,1
16542.0,23,1,119.62,0.01,0,0
16545.0,134,1,339.3,0.1,0,0
16546.0,260,2,787.15,0.02,0,0
16549.0,0,6,2311.19,0.18,0,1
16550.0,78,5,2298.97,0.05,0,0
16551.0,65,3,922.12,0.15,0,0
16552.0,212,2,379.73,0.1,0,0
16553.0,132,12,5719.82,0.09,0,0
16554.0,11,3,837.1,0.05,0,0
16555.0,4,2,285.89,0.12,0,0
16556.0,36,7,3313.79,0.2,0,0
16557.0,106,1,101.15,0.66,1,1
16558.0,7,18,6888.46,0.86,1,1
16560.0,327,1,332.18,0.04,0,1
16561.0,29,1,264.96,0.5,0,1
16563.0,23,1,1077.74,0.0,0,0
16565.0,333,1,173.7,0.05,0,0
16566.0,26,4,502.28000000000003,0.18,0,1
16567.0,163,2,865.6,0.23,0,0
16570.0,1,9,3311.32,0.93,1,1
16571.0,145,2,896.79,0.48,0,1
16572.0,96,3,1009.6,0.09,0,0
16573.0,54,2,663.61,0.06,0,0
16574.0,40,1,451.44,0.07,0,0
16581.0,152,1,105.84,0.11,0,0
16582.0,82,1,313.62,0.07,0,0
16583.0,343,1,233.45,0.01,0,0
16584.0,49,2,936.08,0.89,1,0
16586.0,218,1,463.95,0.0,0,0
16587.0,201,1,225.15,0.25,0,0
16589.0,40,3,459.24,0.07,0,0
16591.0,38,1,213.5,0.03,0,0
16592.0,0,13,2729.34,0.9,1,1
16593.0,20,3,330.03,0.03,0,0
16594.0,44,1,181.09,0.02,0,0
16595.0,30,1,360.16,0.26,0,0
16596.0,335,1,120.65,0.08,0,1
16598.0,255,1,145.04999999999998,0.0,0,0
16600.0,43,3,353.2,0.64,1,1
16601.0,10,1,244.79999999999998,0.36,0,0
16602.0,5,1,528.08,0.05,0,0
16603.0,44,2,482.47,0.14,0,0
16607.0,7,13,3063.69,0.87,1,1
16609.0,57,6,4029.82,0.84,1,1
16610.0,188,1,75.66,0.0,0,0
16611.0,155,1,129.49,0.03,0,0
16612.0,2,4,1187.66,0.22,0,0
16613.0,39,1,618.59,0.18,0,0
16614.0,152,1,506.19,0.04,0,0
16616.0,126,1,210.10000000000002,0.02,0,1
16617.0,205,1,151.85,0.01,0,0
16618.0,0,5,2647.59,0.78,1,0
16619.0,233,1,226.21,0.13,0,0
16620.0,230,1,95.75999999999999,0.6,1,1
16621.0,21,4,813.48,0.06,0,0
16623.0,215,1,129.45,0.21,0,0
16624.0,50,2,810.5699999999999,0.62,1,0
16625.0,244,1,333.08,0.03,0,0
16626.0,0,13,3380.24,0.96,1,1
16627.0,48,1,322.8,0.07,0,0
16628.0,76,4,1619.8400000000001,0.76,1,1
16629.0,43,2,417.73,0.12,0,0
16633.0,8,5,2235.16,0.73,1,1
16634.0,192,2,217.9,0.01,0,0
16637.0,1,4,1154.47,0.36,0,0
16638.0,68,9,1550.94,0.99,1,1
16639.0,0,3,1257.51,0.03,0,0
16641.0,75,1,231.10000000000002,0.05,0,0
16642.0,177,1,307.73,0.8,1,1
16643.0,215,1,487.51,0.01,0,0
16644.0,147,2,833.78,0.34,0,0
16647.0,139,2,214.06,0.07,0,0
16648.0,12,1,290.65999999999997,0.1,0,0
16650.0,41,1,518.42,0.08,0,0
16652.0,28,7,6773.97,0.2,0,0
16653.0,40,1,1117.86,0.65,1,1
16654.0,110,4,601.27,0.04,0,0
16655.0,44,4,2911.2,0.43,0,1
16656.0,0,14,8330.66,0.93,1,1
16657.0,118,2,446.11,0.65,1,1
16658.0,337,1,123.24,0.11,0,0
16659.0,158,1,39.12,0.02,0,0
16660.0,180,2,384.36,0.11,0,1
16665.0,331,1,135.39999999999998,0.03,0,0
16667.0,37,2,570.13,0.09,0,0
16668.0,86,5,266.52,0.62,1,1
16669.0,47,2,729.49,0.79,1,1
16670.0,26,9,3581.75,0.89,1,1
16671.0,5,2,1539.63,0.66,1,1
16672.0,5,19,7864.9400000000005,0.95,1,1
16674.0,24,2,319.61,0.15,0,0
16676.0,3,4,1592.1200000000001,0.23,0,0
16678.0,6,9,2438.5,0.88,1,1
16679.0,335,1,129.75,0.04,0,0
16680.0,12,1,183.7,0.02,0,0
16681.0,42,6,1770.34,0.8,1,0
16682.0,26,4,917.14,0.87,1,1
16684.0,5,25,60058.78,1.0,1,1
16685.0,30,2,324.24,0.2,0,0
16686.0,16,7,3062.83,0.52,1,0
16688.0,12,2,831.52,0.73,1,1
16689.0,45,2,422.59999999999997,0.28,0,0
16690.0,41,2,225.57999999999998,0.22,0,0
16692.0,225,2,1276.0,0.06,0,0
16693.0,38,2,482.01,0.16,0,0
16696.0,104,4,657.9000000000001,0.02,0,0
16697.0,210,1,112.75,0.02,0,0
16698.0,196,2,1998.0,0.08,0,0
16700.0,50,11,4423.62,0.94,1,1
16701.0,14,12,4899.86,0.91,1,1
16705.0,8,15,12583.33,0.95,1,1
16706.0,6,3,531.35,0.1,0,0
16708.0,15,1,656.63,0.09,0,0
16709.0,54,5,3029.87,0.66,1,0
16710.0,43,8,2093.59,0.88,1,1
16711.0,109,3,909.87,0.31,0,1
16712.0,64,8,2499.86,0.93,1,1
16713.0,36,13,5302.01,0.88,1,1
16714.0,188,3,1161.53,0.17,0,0
16715.0,47,1,301.71999999999997,0.1,0,0
16716.0,236,2,901.2,0.04,0,0
16717.0,1,5,1862.82,0.56,1,1
16718.0,338,1,623.75,0.24,0,0
16719.0,44,6,1497.75,0.94,1,1
16721.0,231,1,292.47,0.08,0,0
16722.0,20,12,4421.45,0.86,1,1
16723.0,60,2,589.15,0.33,0,0
16725.0,271,7,781.02,0.3,0,0
16726.0,165,4,795.19,0.74,1,1
16727.0,333,1,272.82,0.08,0,0
16728.0,15,4,1054.67,0.49,0,0
16729.0,7,21,7239.92,0.35,0,0
16730.0,21,3,743.11,0.38,0,0
16732.0,1,1,603.75,0.61,1,0
16734.0,21,3,650.51,0.21,0,0
16735.0,48,5,2300.56,0.18,0,0
16737.0,22,1,417.59999999999997,0.03,0,0
16738.0,267,1,3.75,0.17,0,0
16739.0,146,1,323.0,0.08,0,0
16742.0,16,1,464.9,0.13,0,0
16743.0,82,6,1885.8600000000001,0.22,0,1
16744.0,3,6,1021.76,0.85,1,1
16745.0,56,17,7194.3,0.81,1,0
16746.0,5,15,5630.86,0.71,1,1
16747.0,7,2,836.06,0.14,0,0
16748.0,6,4,1249.2,0.85,1,1
16750.0,14,5,623.93,0.23,0,0
16751.0,0,1,1764.72,0.03,0,0
16752.0,342,1,207.5,0.13,0,0
16753.0,27,1,223.92000000000002,0.05,0,0
16754.0,341,1,2002.4,0.16,0,0
16755.0,83,3,1496.83,0.14,0,0
16756.0,184,1,239.4,0.24,0,0
16757.0,288,1,106.83000000000001,0.16,0,0
16758.0,34,1,369.34000000000003,0.11,0,0
16759.0,0,2,418.85,0.87,1,1
16761.0,66,1,316.62,0.07,0,0
16762.0,15,2,887.6,0.94,1,1
16763.0,168,1,611.85,0.0,0,0
16764.0,1,9,1929.13,0.75,1,1
16765.0,263,1,34.0,0.05,0,0
16766.0,242,2,1145.6,0.14,0,0
16767.0,0,11,5580.6,0.38,0,0
16768.0,17,3,478.09000000000003,0.07,0,0
16769.0,229,1,380.39,0.07,0,0
16770.0,27,5,770.1,0.36,0,0
16771.0,2,5,2246.81,0.28,0,0
16773.0,26,1,171.59,0.03,0,0
16774.0,37,4,661.52,0.25,0,0
16775.0,26,10,1566.51,0.86,1,1
16776.0,29,1,388.28,0.01,0,0
16777.0,49,2,226.35,0.43,0,0
16778.0,43,2,245.94,0.11,0,0
16779.0,1,17,8029.860000000001,0.94,1,1
16780.0,69,2,425.19,0.31,0,0
16781.0,341,1,311.25,0.15,0,0
16782.0,4,11,1959.55,0.97,1,1
16788.0,92,2,597.48,0.0,0,0
16790.0,1,3,1135.75,0.47,0,1
16791.0,29,6,1234.82,0.74,1,1
16792.0,251,2,110.38000000000001,0.08,0,0
16793.0,26,1,243.84,0.21,0,0
16794.0,16,6,832.6899999999999,0.83,1,1
16795.0,334,1,414.88,0.01,0,0
16796.0,58,1,305.62,0.09,0,0
16801.0,132,4,1619.73,0.25,0,0
16803.0,34,1,332.3,0.04,0,0
16804.0,239,1,118.05,0.68,1,1
16805.0,143,2,460.59,0.15,0,0
16806.0,72,4,801.49,0.26,0,0
16807.0,112,3,1121.59,0.57,1,0
16808.0,68,2,288.42,0.05,0,0
16809.0,31,4,620.37,0.82,1,1
16810.0,161,1,309.54,0.04,0,0
16812.0,330,1,479.35,0.14,0,0
16813.0,19,9,1544.44,0.91,1,1
16814.0,16,19,6027.36,0.95,1,1
16816.0,72,4,417.06,0.07,0,0
16817.0,2,8,1387.42,0.85,1,1
16818.0,40,10,3221.81,0.98,1,1
16820.0,65,1,497.61,0.1,0,0
16823.0,196,1,358.38,0.06,0,0
16824.0,133,1,222.9,0.82,1,1
16825.0,8,2,775.1800000000001,0.18,0,0
16826.0,20,1,341.7,0.12,0,0
16828.0,62,2,128.5,0.14,0,0
16829.0,126,1,197.22,0.05,0,0
16830.0,8,1,325.91,0.15,0,0
16832.0,153,3,199.15,0.07,0,0
16833.0,229,3,671.29,0.73,1,1
16834.0,197,1,413.46,0.04,0,0
16835.0,97,2,180.85,0.06,0,0
16836.0,9,2,251.87,0.17,0,0
16837.0,0,11,3170.98,0.81,1,0
16838.0,166,2,588.85,0.02,0,0
16839.0,0,30,14847.37,0.99,1,1
16841.0,6,6,1869.82,0.25,0,0
16842.0,70,3,1264.19,0.07,0,0
16843.0,12,16,10196.57,0.37,0,0
16846.0,19,1,214.32,0.1,0,0
16847.0,12,1,193.44,0.03,0,0
16848.0,22,1,281.42,0.01,0,0
16849.0,156,1,124.57,0.06,0,0
16850.0,303,1,332.41,0.08,0,0
16851.0,12,2,239.45999999999998,0.8,1,1
16852.0,145,1,113.06,0.76,1,1
16855.0,12,1,151.2,0.68,1,1
16858.0,338,1,375.69000000000005,0.02,0,0
16859.0,114,2,747.81,0.41,0,0
16861.0,29,2,173.76,0.11,0,0
16863.0,0,2,502.8,0.11,0,0
16866.0,110,3,207.73999999999998,0.01,0,0
16869.0,21,3,692.4,0.75,1,1
16871.0,58,5,2367.26,0.79,1,1
16872.0,46,3,680.02,0.17,0,0
16873.0,31,5,5268.79,0.9,1,1
16875.0,36,5,2095.53,0.07,0,0
16877.0,9,3,458.01,0.07,0,1
16878.0,53,1,13.3,0.05,0,0
16880.0,0,7,1519.08,0.21,0,0
16881.0,36,1,432.0,0.0,0,0
16882.0,36,3,705.12,0.5,0,0
16883.0,156,2,276.73,0.02,0,0
16884.0,7,2,429.84000000000003,0.18,0,0
16885.0,20,2,317.75,0.67,1,1
16887.0,4,1,194.88,0.06,0,0
16889.0,164,3,1578.67,0.0,0,0
16891.0,5,4,693.75,0.67,1,1
16892.0,153,1,102.97999999999999,0.65,1,1
16893.0,336,1,145.93,0.15,0,0
16895.0,34,1,219.14,0.05,0,0
16897.0,268,2,289.78,0.03,0,0
16898.0,146,2,319.46999999999997,0.77,1,1
16899.0,59,4,588.28,0.76,1,1
16900.0,32,1,752.6800000000001,0.8,1,1
16902.0,85,1,1706.88,0.08,0,0
16904.0,64,14,3049.07,0.85,1,1
16905.0,16,4,2059.74,0.89,1,1
16906.0,51,4,579.77,0.15,0,0
16907.0,117,4,711.88,0.45,0,1
16909.0,41,1,379.14,0.08,0,0
16910.0,21,6,1159.67,0.81,1,1
16912.0,37,10,2418.95,0.88,1,1
16913.0,259,1,113.44,0.01,0,0
16914.0,5,1,208.46,0.24,0,0
16915.0,13,5,512.0,0.72,1,1
16916.0,341,1,198.08,0.69,1,1
16917.0,246,1,391.52,0.0,0,0
16918.0,19,6,1068.82,0.35,0,0
16919.0,125,11,2596.45,0.23,0,0
16921.0,30,1,169.79,0.02,0,0
16923.0,10,16,6109.53,0.97,1,1
16924.0,34,2,523.65,0.83,1,1
16926.0,340,1,230.25,0.21,0,0
16927.0,85,3,543.05,0.06,0,0
16928.0,49,17,2847.6,0.39,0,0
16929.0,6,4,645.5,0.31,0,1
16930.0,37,2,207.11,0.76,1,1
16931.0,9,19,3893.69,0.95,1,1
16932.0,22,1,161.94,0.0,0,0
16933.0,208,1,224.73,0.68,1,1
16934.0,24,2,950.9300000000001,0.11,0,0
16938.0,149,3,2410.75,0.72,1,1
16940.0,21,3,3049.88,0.24,0,0
16942.0,3,8,1658.88,0.89,1,1
16943.0,181,3,816.73,0.1,0,0
16945.0,1,18,4040.8,1.0,1,1
16947.0,205,1,406.48,0.03,0,0
16948.0,108,3,435.02,0.1,0,0
16949.0,10,5,1204.23,0.85,1,1
16950.0,26,3,1178.56,0.27,0,0
16951.0,104,3,1277.75,0.11,0,0
16952.0,78,2,167.61,0.04,0,0
16954.0,29,5,1470.56,0.38,0,1
16955.0,154,4,518.67,0.01,0,0
16957.0,208,2,416.64,0.02,0,0
16959.0,56,1,117.35000000000001,0.01,0,0
16960.0,8,3,507.05,0.34,0,0
16961.0,85,1,234.17,0.1,0,0
16963.0,156,1,110.55000000000001,0.03,0,0
16965.0,196,1,201.19,0.02,0,0
16966.0,14,5,1489.81,0.65,1,1
16967.0,158,1,319.02,0.02,0,0
16968.0,77,1,253.31,0.04,0,1
16969.0,8,3,650.41,0.06,0,0
16971.0,7,1,357.21,0.21,0,0
16976.0,236,1,251.51999999999998,0.04,0,0
16978.0,47,1,344.33,0.11,0,0
16979.0,21,3,899.5899999999999,0.38,0,1
16980.0,224,2,1078.96,0.02,0,0
16982.0,30,1,384.06,0.1,0,0
16983.0,66,5,1190.3,0.39,0,1
16984.0,57,2,4481.35,0.05,0,0
16985.0,57,8,4080.44,0.6,1,1
16987.0,11,6,1393.12,0.87,1,1
16989.0,32,4,1027.65,0.49,0,1
16990.0,188,1,179.0,0.01,0,0
16992.0,6,4,1399.8600000000001,0.92,1,1
16996.0,90,5,1041.78,0.83,1,1
16997.0,257,3,702.0,0.55,1,0
16998.0,119,4,295.0,0.06,0,0
16999.0,43,1,245.83,0.76,1,1
17001.0,15,9,3224.29,0.99,1,1
17002.0,55,3,1493.73,0.19,0,0
17004.0,15,2,1412.94,0.22,0,0
17006.0,0,2,389.61,0.76,1,1
17007.0,20,6,889.9300000000001,0.31,0,0
17014.0,1,2,355.06,0.33,0,1
17015.0,40,2,1569.98,0.56,1,1
17017.0,13,16,6572.36,0.94,1,1
17018.0,10,2,920.1,0.5,0,0
17019.0,231,3,995.93,0.38,0,1
17022.0,0,1,71.0,0.04,0,0
17024.0,14,3,95.85,0.01,0,0
17025.0,30,3,357.77,0.09,0,0
17026.0,154,2,154.82999999999998,0.03,0,0
17027.0,48,6,890.29,0.33,0,0
17029.0,80,2,716.0,0.26,0,0
17030.0,33,1,146.87,0.04,0,0
17031.0,124,1,225.95,0.81,1,1
17033.0,55,3,1030.14,0.18,0,0
17034.0,49,2,364.88,0.13,0,1
17035.0,215,2,433.53000000000003,0.11,0,0
17037.0,57,1,1267.32,0.04,0,0
17040.0,107,1,449.73,0.22,0,0
17041.0,78,2,750.89,0.76,1,1
17042.0,90,4,922.8199999999999,0.34,0,1
17043.0,1,4,1735.18,0.34,0,0
17045.0,82,3,339.44,0.1,0,0
17046.0,126,1,642.02,0.08,0,0
17047.0,54,3,1100.9,0.14,0,0
17048.0,87,3,925.35,0.09,0,0
17049.0,22,7,4525.8,0.75,1,1
17050.0,65,6,3228.84,0.24,0,0
17051.0,163,1,247.14000000000001,0.18,0,0
17053.0,100,1,498.48,0.05,0,0
17054.0,107,4,1207.32,0.43,0,1
17058.0,51,3,1179.89,0.1,0,0
17059.0,79,4,2250.1,0.32,0,1
17060.0,235,1,234.24,0.07,0,0
17061.0,43,11,5232.2300000000005,0.36,0,0
17062.0,283,4,538.37,0.03,0,0
17063.0,27,6,1094.97,0.85,1,1
17064.0,28,3,859.35,0.48,0,0
17068.0,19,19,4242.36,0.92,1,1
17069.0,47,7,2058.91,0.79,1,1
17070.0,83,1,312.14,0.05,0,0
17071.0,29,8,1996.8700000000001,0.9,1,1
17073.0,22,3,1166.72,0.91,1,1
17075.0,222,3,696.07,0.77,1,1
17076.0,5,3,841.0799999999999,0.11,0,0
17078.0,5,2,378.2,0.0,0,0
17079.0,47,1,118.80000000000001,0.11,0,0
17080.0,239,1,76.32000000000001,0.74,1,1
17081.0,15,1,111.9,0.67,1,1
17082.0,2,2,2003.85,0.12,0,0
17083.0,78,3,1405.78,0.23,0,0
17084.0,4,2,2949.75,0.34,0,0
17085.0,92,5,1566.65,0.3,0,0
17086.0,0,4,1252.06,0.43,0,1
17088.0,42,3,1751.73,0.65,1,1
17090.0,21,6,1819.91,0.71,1,1
17091.0,1,8,3376.96,0.91,1,1
17092.0,19,4,1777.78,0.14,0,0
17094.0,291,1,302.0,0.08,0,0
17095.0,268,2,543.96,0.02,0,1
17096.0,27,3,707.55,0.76,1,1
17097.0,69,6,639.53,0.79,1,1
17101.0,21,2,899.73,0.75,1,1
17102.0,231,1,25.5,0.06,0,0
17105.0,128,2,665.78,0.08,0,0
17107.0,2,6,10815.43,0.21,0,0
17109.0,1,5,776.1800000000001,0.78,1,1
17110.0,134,1,163.29999999999998,0.33,0,0
17111.0,16,1,248.61,0.04,0,0
17114.0,2,7,717.73,0.84,1,1
17115.0,152,2,612.82,0.77,1,1
17117.0,257,1,116.19999999999999,0.03,0,0
17118.0,287,1,157.02,0.12,0,0
17119.0,29,1,547.25,0.64,1,1
17120.0,202,1,307.46,0.09,0,0
17122.0,88,1,138.32,0.05,0,0
17123.0,131,1,345.29999999999995,0.04,0,0
17124.0,154,1,298.89,0.0,0,0
17125.0,19,1,259.35,0.02,0,0
17126.0,121,5,1004.75,0.66,1,0
17128.0,304,1,157.09,0.12,0,0
17131.0,2,4,1395.8400000000001,0.9,1,1
17133.0,3,5,4537.29,0.75,1,1
17134.0,76,2,425.0,0.13,0,0
17135.0,7,5,890.03,0.79,1,1
17138.0,245,1,380.5,0.0,0,0
17139.0,8,11,10199.95,0.68,1,1
17140.0,216,1,465.32,0.01,0,0
17142.0,208,1,579.0,0.01,0,0
17144.0,54,1,595.89,0.68,1,1
17146.0,75,3,749.78,0.21,0,0
17147.0,50,3,1349.3,0.84,1,1
17148.0,21,1,124.88,0.02,0,0
17152.0,164,3,1689.5,0.04,0,0
17154.0,44,1,329.34,0.17,0,0
17155.0,147,1,143.3,0.73,1,1
17157.0,145,1,161.46,0.61,1,1
17158.0,1,3,1266.97,0.1,0,0
17159.0,44,2,926.67,0.3,0,1
17160.0,0,6,3518.03,0.12,0,0
17162.0,100,9,1463.66,0.91,1,1
17163.0,47,1,123.10000000000001,0.13,0,1
17164.0,2,7,2467.35,0.27,0,0
17165.0,253,1,158.68,0.0,0,0
17166.0,8,2,206.34,0.06,0,0
17169.0,27,2,835.78,0.54,1,0
17171.0,258,1,224.91,0.21,0,0
17172.0,48,1,317.76,0.16,0,0
17173.0,12,5,1924.32,0.24,0,1
17174.0,187,1,59.9,0.03,0,0
17175.0,13,4,1443.69,0.14,0,0
17176.0,171,1,306.13,0.04,0,0
17179.0,147,3,711.79,0.34,0,0
17180.0,25,4,796.03,0.21,0,0
17181.0,26,2,239.92000000000002,0.38,0,0
17183.0,2,4,2185.6,0.68,1,1
17186.0,16,2,144.0,0.11,0,0
17187.0,196,1,203.95,0.04,0,0
17188.0,133,5,1815.09,0.6,1,1
17189.0,75,2,384.40000000000003,0.13,0,0
17190.0,28,2,444.74,0.04,0,0
17191.0,64,6,1562.96,0.92,1,1
17193.0,5,7,1699.3000000000002,0.28,0,0
17194.0,243,2,262.62,0.15,0,0
17198.0,334,2,521.66,0.06,0,1
17201.0,23,1,342.63,0.1,0,0
17203.0,5,6,3563.85,0.23,0,0
17204.0,144,4,1564.56,0.38,0,0
17205.0,23,1,384.08,0.0,0,0
17206.0,22,1,204.24,0.0,0,0
17211.0,17,7,1884.22,0.92,1,1
17212.0,222,1,226.85,0.12,0,0
17213.0,9,7,2781.23,0.12,0,0
17214.0,29,6,1069.1200000000001,0.71,1,0
17217.0,203,1,113.5,0.0,0,0
17218.0,40,7,1360.6,0.9,1,1
17219.0,1,1,114.23,0.16,0,0
17220.0,15,12,2904.47,0.82,1,1
17221.0,5,1,132.28,0.69,1,1
17222.0,34,1,354.15,0.05,0,0
17223.0,279,2,426.79,0.02,0,0
17226.0,278,1,393.49,0.0,0,0
17227.0,30,5,720.31,0.84,1,1
17228.0,33,6,1488.56,0.57,1,1
17229.0,65,2,318.76,0.13,0,0
17230.0,233,8,3638.41,0.02,0,0
17231.0,33,8,2319.79,0.81,1,1
17233.0,4,1,190.88,0.05,0,0
17234.0,152,1,149.89000000000001,0.2,0,0
17235.0,341,1,341.9,0.57,1,1
17236.0,148,5,697.73,0.78,1,1
17238.0,20,13,2510.51,0.74,1,1
17239.0,282,1,382.5,0.0,0,0
17242.0,77,2,1135.04,0.12,0,0
17243.0,8,19,5492.79,1.0,1,1
17244.0,22,1,954.9,0.13,0,0
17245.0,174,1,171.45,0.02,0,0
17248.0,89,1,318.65,0.03,0,0
17250.0,230,1,162.65,0.66,1,1
17251.0,332,1,283.28000000000003,0.09,0,0
17252.0,86,2,353.86,0.29,0,0
17255.0,10,2,298.41,0.11,0,0
17256.0,76,2,240.0,0.26,0,0
17259.0,117,2,603.37,0.06,0,0
17262.0,21,5,1253.3600000000001,0.8,1,0
17263.0,177,1,63.440000000000005,0.02,0,0
17265.0,108,2,562.9,0.03,0,0
17266.0,117,1,113.06,0.77,1,1
17267.0,96,2,317.62,0.19,0,0
17268.0,77,4,763.64,0.15,0,0
17272.0,11,4,2148.63,0.3,0,0
17274.0,4,1,111.97999999999999,0.05,0,0
17277.0,197,2,1065.3500000000001,0.04,0,0
17278.0,210,1,246.04,0.08,0,0
17279.0,27,1,187.82999999999998,0.02,0,0
17282.0,99,3,1703.41,0.18,0,0
17284.0,29,6,1652.58,0.28,0,0
17287.0,43,6,880.3,0.92,1,1
17288.0,176,5,663.7,0.65,1,1
17289.0,1,3,944.41,0.1,0,0
17291.0,277,1,550.8000000000001,0.02,0,0
17293.0,27,7,1353.68,0.86,1,1
17295.0,34,1,279.36,0.86,1,1
17298.0,70,2,498.42,0.54,1,0
17299.0,58,3,578.05,0.73,1,1
17302.0,1,4,997.08,0.85,1,1
17303.0,330,1,250.04,0.16,0,0
17306.0,6,17,7586.16,0.95,1,1
17309.0,64,1,82.75,0.03,0,0
17311.0,47,2,1384.85,0.13,0,0
17312.0,108,3,644.3,0.14,0,0
17313.0,0,1,2328.84,0.01,0,0
17314.0,27,6,2177.55,0.72,1,1
17315.0,7,35,5535.68,0.84,1,1
17317.0,15,3,2600.34,0.4,0,0
17320.0,69,3,1200.6200000000001,0.07,0,0
17321.0,37,1,659.61,0.75,1,1
17323.0,31,5,696.07,0.91,1,1
17324.0,301,2,702.23,0.18,0,1
17325.0,249,1,96.8,0.18,0,0
17329.0,284,1,243.36,0.73,1,1
17330.0,37,1,264.9,0.81,1,1
17331.0,93,1,175.2,0.06,0,0
17333.0,55,1,494.25,0.01,0,0
17334.0,271,2,307.02,0.01,0,0
17337.0,120,4,2027.8700000000001,0.59,1,0
17338.0,83,7,5207.02,0.75,1,1
17339.0,63,2,243.36,0.42,0,0
17340.0,49,10,8459.5,0.98,1,1
17341.0,126,3,781.36,0.45,0,0
17343.0,324,1,193.64,0.19,0,0
17344.0,15,1,160.57,0.08,0,0
17345.0,62,3,284.13,0.78,1,1
17346.0,8,12,2180.44,0.94,1,1
17347.0,55,1,228.96,0.09,0,0
17348.0,5,3,772.18,0.67,1,1
17349.0,148,1,110.75,0.17,0,0
17350.0,15,2,891.09,0.93,1,1
17351.0,5,3,587.15,0.2,0,0
17353.0,98,2,1740.0,0.09,0,0
17354.0,20,1,1393.06,0.03,0,0
17356.0,281,1,178.22,0.08,0,0
17358.0,272,2,365.85,0.0,0,0
17360.0,153,1,330.95,0.12,0,1
17361.0,18,3,488.2,0.18,0,0
17362.0,208,2,312.23,0.01,0,0
17364.0,106,6,2633.81,0.33,0,1
17365.0,20,7,4375.19,0.81,1,1
17367.0,207,1,168.4,0.02,0,0
17368.0,2,7,1802.59,0.81,1,1
17370.0,42,4,446.18,0.08,0,0
17371.0,330,1,97.63,0.74,1,1
17372.0,10,8,1342.68,0.33,0,0
17373.0,9,4,646.92,0.12,0,0
17374.0,188,2,495.77,0.02,0,0
17375.0,168,3,400.1,0.0,0,0
17376.0,40,2,203.2,0.17,0,0
17377.0,0,18,3780.36,0.96,1,1
17381.0,36,27,19372.01,0.98,1,1
17382.0,34,1,65.4,0.0,0,0
17384.0,188,1,227.65,0.85,1,1
17386.0,68,5,1697.3400000000001,0.75,1,1
17387.0,3,1,346.44,0.84,1,1
17388.0,47,4,1259.56,0.05,0,0
17389.0,2,29,21733.38,0.98,1,1
17391.0,133,2,508.8,0.1,0,0
17392.0,276,2,457.91,0.03,0,0
17394.0,188,1,203.86999999999998,0.03,0,0
17396.0,8,8,7330.8,0.56,1,0
17398.0,84,3,653.38,0.14,0,0
17400.0,95,5,2129.96,0.62,1,0
17402.0,20,11,2034.1499999999999,0.86,1,1
17403.0,5,1,281.62,0.41,0,0
17404.0,23,13,30430.34,1.0,1,1
17405.0,42,2,883.01,0.27,0,1
17406.0,302,3,2200.42,0.17,0,0
17408.0,132,1,32.65,0.02,0,0
17409.0,154,2,771.85,0.23,0,0
17410.0,7,4,978.38,0.63,1,1
17411.0,45,2,569.44,0.82,1,1
17412.0,29,5,870.22,0.91,1,1
17414.0,13,2,778.0,0.01,0,0
17415.0,49,1,507.84,0.04,0,0
17416.0,47,6,5878.81,0.96,1,1
17418.0,11,2,463.46000000000004,0.49,0,0
17419.0,8,10,3443.96,0.99,1,1
17420.0,19,3,598.83,0.51,1,0
17422.0,62,5,1698.97,0.78,1,1
17423.0,15,2,698.41,0.1,0,0
17425.0,30,1,688.97,0.79,1,1
17426.0,60,4,4280.59,0.84,1,1
17427.0,41,1,100.8,0.01,0,0
17428.0,7,25,16235.45,0.99,1,1
17429.0,97,3,524.9200000000001,0.11,0,0
17430.0,2,2,265.76,0.22,0,0
17431.0,282,1,403.3,0.01,0,0
17432.0,6,1,175.89,0.64,1,1
17433.0,57,1,303.15999999999997,0.1,0,0
17434.0,6,3,1141.23,0.18,0,1
17436.0,196,1,122.39999999999999,0.08,0,1
17438.0,223,1,388.45000000000005,0.0,0,0
17440.0,126,3,186.42000000000002,0.01,0,0
17442.0,6,6,2248.56,0.21,0,0
17443.0,189,1,534.24,0.05,0,0
17444.0,117,3,2940.04,0.57,1,0
17446.0,146,2,120.9,0.1,0,0
17447.0,9,2,541.53,0.22,0,0
17449.0,14,6,2095.17,0.56,1,1
17450.0,5,37,174188.76,1.0,1,1
17451.0,25,4,1050.25,0.84,1,1
17453.0,33,1,341.99999999999994,0.69,1,1
17454.0,161,4,517.53,0.01,0,0
17455.0,173,1,131.7,0.0,0,0
17456.0,334,1,249.86,0.02,0,0
17457.0,96,5,1737.7,0.56,1,0
17459.0,12,2,657.3,0.46,0,0
17460.0,63,6,622.4300000000001,0.58,1,0
17462.0,29,2,675.69,0.43,0,0
17463.0,18,4,1698.1,0.67,1,1
17464.0,127,1,289.96000000000004,0.02,0,0
17466.0,48,1,460.41,0.58,1,1
17469.0,42,4,1492.07,0.81,1,1
17470.0,14,5,1125.07,0.2,0,0
17472.0,160,3,710.29,0.18,0,0
17475.0,48,1,194.37,0.08,0,0
17480.0,47,1,511.82,0.16,0,0
17481.0,5,2,665.63,0.77,1,1
17483.0,34,3,414.04,0.15,0,0
17486.0,230,1,396.87,0.02,0,0
17489.0,28,2,376.64,0.02,0,0
17490.0,33,4,1321.22,0.86,1,1
17491.0,6,8,2784.45,0.56,1,1
17492.0,217,1,374.57,0.01,0,0
17495.0,8,1,342.59000000000003,0.97,1,1
17496.0,328,1,271.05,0.48,0,0
17498.0,45,1,272.22,0.21,0,0
17499.0,259,1,622.88,0.04,0,0
17501.0,190,2,288.6,0.05,0,0
17503.0,8,1,340.43,0.94,1,1
17504.0,175,9,2997.0299999999997,0.02,0,0
17505.0,131,2,1145.84,0.25,0,0
17506.0,45,1,302.2,0.07,0,0
17507.0,231,2,605.58,0.05,0,0
17508.0,250,1,387.31,0.07,0,0
17509.0,27,8,6115.14,0.6,1,0
17511.0,0,28,79726.38,1.0,1,1
17512.0,20,9,2473.31,0.72,1,1
17513.0,41,1,513.2,0.16,0,0
17514.0,97,1,208.65,0.07,0,0
17515.0,0,4,639.02,0.36,0,0
17516.0,88,4,608.85,0.05,0,1
17517.0,278,1,153.94,0.01,0,0
17519.0,103,5,1488.0,0.78,1,1
17520.0,23,1,546.81,0.17,0,0
17521.0,34,2,497.75,0.72,1,1
17522.0,108,4,912.25,0.72,1,1
17524.0,330,1,145.0,0.07,0,0
17525.0,329,1,422.70000000000005,0.12,0,0
17526.0,260,3,872.8,0.15,0,1
17527.0,23,4,939.37,0.11,0,0
17528.0,12,5,2511.74,0.8,1,1
17530.0,12,8,1990.49,0.81,1,1
17531.0,159,1,296.7,0.08,0,0
17534.0,23,1,223.36,0.02,0,0
17535.0,249,1,164.4,0.11,0,0
17536.0,146,1,76.5,0.15,0,0
17537.0,272,1,630.7,0.63,1,1
17540.0,285,1,268.8,0.76,1,1
17542.0,239,1,170.75,0.06,0,0
17545.0,12,3,645.96,0.18,0,0
17548.0,203,1,103.3,0.0,0,0
17549.0,21,1,28.2,0.61,1,1
17550.0,166,3,267.16,0.0,0,0
17551.0,328,1,306.84,0.33,0,0
17552.0,29,4,930.41,0.14,0,0
17553.0,99,1,1487.6,0.13,0,0
17554.0,28,3,1460.03,0.79,1,1
17555.0,304,1,195.45,0.64,1,1
17556.0,175,1,157.9,0.03,0,0
17557.0,13,2,439.16,0.78,1,1
17560.0,64,4,854.95,0.15,0,0
17562.0,20,6,956.6800000000001,0.74,1,1
17564.0,13,2,243.46,0.93,1,1
17567.0,26,7,3913.48,0.53,1,1
17569.0,301,1,344.14,0.01,0,0
17571.0,19,4,1498.51,0.48,0,0
17572.0,40,4,226.75000000000003,0.1,0,0
17573.0,54,2,182.21,0.75,1,1
17574.0,212,1,185.65,0.0,0,0
17576.0,7,18,3227.68,0.89,1,1
17578.0,187,1,143.45999999999998,0.01,0,0
17579.0,107,2,270.86,0.45,0,1
17580.0,222,3,215.72,0.04,0,0
17581.0,2,22,10060.36,0.96,1,1
17582.0,205,1,175.27,0.0,0,0
17584.0,96,1,749.45,0.3,0,1
17585.0,78,4,1133.07,0.63,1,0
17588.0,69,3,1240.2,0.06,0,0
17589.0,29,4,2404.17,0.22,0,0
17590.0,9,1,349.38,0.93,1,1
17591.0,42,7,2225.9700000000003,0.18,0,0
17593.0,61,4,3249.14,0.83,1,1
17594.0,54,2,993.18,0.14,0,0
17595.0,6,1,157.9,0.47,0,1
17596.0,14,6,2532.76,0.66,1,1
17597.0,183,1,2044.3700000000001,0.12,0,0
17601.0,208,1,116.00999999999999,0.05,0,0
17602.0,12,4,3244.92,0.67,1,1
17603.0,47,1,394.72,0.04,0,0
17604.0,186,2,309.36,0.0,0,0
17608.0,2,2,193.42,0.13,0,0
17609.0,10,5,1112.22,0.34,0,0
17611.0,0,13,3678.17,0.99,1,1
17612.0,22,6,2048.45,0.24,0,0
17613.0,13,12,4262.25,0.88,1,1
17614.0,26,1,390.07,0.04,0,0
17615.0,99,3,329.6,0.02,0,0
17616.0,143,3,571.1999999999999,0.04,0,0
17618.0,217,2,666.78,0.84,1,1
17619.0,281,1,218.52,0.0,0,0
17620.0,29,1,81.44,0.0,0,0
17621.0,281,2,901.78,0.59,1,1
17623.0,2,1,527.0500000000001,0.2,0,0
17624.0,187,1,400.3,0.61,1,1
17625.0,21,3,1619.2,0.65,1,1
17628.0,50,1,75.75,0.0,0,0
17629.0,36,6,1392.17,0.9,1,1
17630.0,139,2,503.59999999999997,0.05,0,0
17631.0,106,2,416.5,0.67,1,1
17633.0,0,4,1324.84,0.17,0,0
17634.0,5,9,2361.9700000000003,0.31,0,0
17637.0,0,2,547.0600000000001,0.18,0,0
17639.0,245,1,108.5,0.0,0,0
17640.0,56,1,621.66,0.14,0,0
17642.0,89,2,712.29,0.09,0,0
17643.0,342,1,101.55,0.15,0,0
17644.0,5,10,2562.88,0.93,1,1
17646.0,188,3,1008.39,0.12,0,0
17647.0,34,1,133.06,0.09,0,0
17648.0,30,4,1797.5,0.07,0,0
17649.0,107,1,868.49,0.21,0,0
17651.0,1,9,3653.05,0.97,1,1
17652.0,4,11,4583.6,0.97,1,1
17653.0,6,4,1207.56,0.34,0,0
17654.0,246,1,117.55,0.14,0,0
17655.0,9,6,2191.2000000000003,0.87,1,1
17656.0,42,5,1674.69,0.11,0,0
17658.0,180,1,317.59999999999997,0.8,1,1
17659.0,28,10,1961.89,0.91,1,1
17660.0,110,1,196.0,0.15,0,0
17663.0,7,6,1499.28,0.73,1,1
17664.0,181,1,326.19,0.67,1,1
17666.0,35,1,409.08,0.0,0,1
17667.0,35,5,2055.51,0.19,0,0
17668.0,7,1,161.85,0.73,1,1
17669.0,12,7,3406.7200000000003,0.06,0,0
17670.0,197,1,205.7,0.03,0,0
17671.0,127,3,1098.55,0.78,1,1
17672.0,19,2,3178.17,0.75,1,0
17673.0,36,5,1516.65,0.7,1,1
17674.0,43,2,551.04,0.08,0,0
17675.0,6,27,17073.39,0.98,1,1
17676.0,27,5,1040.08,0.9,1,1
17677.0,5,27,15018.23,0.99,1,1
17678.0,233,1,298.11,0.09,0,0
17679.0,22,2,1992.1100000000001,0.2,0,0
17682.0,84,5,1899.3500000000001,0.82,1,1
17684.0,13,1,239.41,0.02,0,0
17685.0,58,6,2799.13,0.73,1,1
17686.0,50,6,5110.09,0.94,1,1
17690.0,4,14,4253.42,1.0,1,1
17691.0,327,2,290.40000000000003,0.01,0,0
17692.0,96,4,740.9399999999999,0.04,0,0
17693.0,106,1,200.47,0.11,0,0
17694.0,111,1,283.12,0.06,0,0
17695.0,101,2,765.34,0.2,0,0
17696.0,7,8,2285.71,0.33,0,0
17697.0,205,1,338.95,0.11,0,0
17698.0,230,1,154.95,0.16,0,0
17700.0,64,3,1681.83,0.76,1,1
17701.0,222,1,417.95,0.0,0,0
17702.0,78,3,1338.77,0.68,1,1
17703.0,4,3,798.74,0.38,0,0
17704.0,138,2,885.19,0.05,0,0
17705.0,44,7,1191.92,0.82,1,1
17706.0,13,16,9728.65,0.73,1,1
17707.0,154,2,152.4,0.02,0,0
17708.0,157,2,267.08,0.0,0,0
17709.0,139,1,137.45,0.03,0,0
17711.0,259,1,220.53000000000003,0.26,0,1
17712.0,14,1,522.91,0.21,0,0
17714.0,290,1,153.0,0.02,0,0
17715.0,170,1,326.4,0.06,0,0
17716.0,45,9,5002.31,0.96,1,1
17718.0,201,1,139.35,0.0,0,0
17719.0,7,15,5396.04,0.41,0,0
17720.0,82,3,887.6,0.8,1,1
17722.0,65,4,2424.04,0.12,0,0
17723.0,96,6,3276.4000000000005,0.22,0,0
17724.0,40,3,1033.0,0.45,0,0
17725.0,10,10,3119.75,0.97,1,1
17728.0,35,2,2288.16,0.11,0,1
17730.0,12,11,4310.77,0.97,1,1
17731.0,48,4,1240.11,0.1,0,0
17732.0,342,1,303.97,0.35,0,0
17733.0,8,2,692.19,0.24,0,0
17734.0,23,3,700.63,0.37,0,0
17735.0,6,18,12216.42,0.95,1,1
17736.0,12,2,347.44,0.66,1,1
17737.0,27,1,87.39,0.01,0,1
17738.0,118,3,1571.49,0.74,1,1
17739.0,7,6,2402.07,0.84,1,1
17742.0,82,2,355.11,0.19,0,0
17744.0,220,4,1288.96,0.73,1,1
17746.0,209,1,110.25,0.0,0,0
17747.0,82,1,71.4,0.0,0,0
17749.0,147,2,674.52,0.13,0,0
17750.0,5,8,1684.25,0.87,1,1
17752.0,328,1,80.64,0.24,0,0
17754.0,7,4,1571.27,0.98,1,1
17757.0,1,24,4156.02,0.99,1,1
17758.0,21,6,2772.9900000000002,0.72,1,1
17759.0,138,2,167.15,0.02,0,1
17760.0,342,1,172.54,0.68,1,1
17761.0,2,1,712.78,0.16,0,0
17763.0,232,1,15.0,0.05,0,0
17764.0,20,2,818.8199999999999,0.24,0,0
17765.0,128,3,371.88,0.04,0,0
17768.0,2,2,1411.33,0.8,1,1
17769.0,3,7,3211.93,0.81,1,1
17770.0,168,5,1143.27,0.09,0,0
17771.0,26,2,245.81,0.08,0,0
17774.0,66,4,1225.41,0.07,0,0
17775.0,224,1,56.4,0.56,1,0
17777.0,8,2,450.95,0.73,1,1
17779.0,57,2,489.51,0.74,1,1
17781.0,128,2,188.02,0.02,0,0
17783.0,41,2,283.47,0.08,0,0
17785.0,22,1,131.94,0.08,0,0
17786.0,54,2,278.74,0.18,0,0
17787.0,122,4,1865.19,0.27,0,0
17788.0,43,2,1117.9,0.2,0,0
17789.0,250,1,225.9,0.04,0,0
17790.0,30,13,1692.04,0.93,1,1
17795.0,149,2,350.39,0.16,0,0
17796.0,9,4,697.9,0.38,0,0
17797.0,152,1,272.41,0.57,1,1
17799.0,68,9,2531.75,0.95,1,1
17800.0,6,9,1199.01,0.46,0,0
17802.0,51,3,1285.04,0.1,0,0
17805.0,43,1,512.31,0.15,0,0
17809.0,25,10,4975.51,0.98,1,1
17811.0,1,33,6338.49,0.99,1,1
17812.0,7,2,261.02,0.63,1,1
17813.0,7,4,1568.41,0.98,1,1
17816.0,6,4,36.56,0.04,0,0
17817.0,246,2,269.7,0.34,0,1
17819.0,41,7,3704.87,0.06,0,0
17824.0,20,1,298.4,0.03,0,0
17827.0,211,4,1583.81,0.37,0,1
17828.0,79,3,1076.66,0.48,0,1
17829.0,268,1,889.24,0.05,0,0
17830.0,231,2,287.65000000000003,0.53,1,1
17831.0,2,1,35.400000000000006,0.04,0,0
17832.0,19,1,155.37,0.06,0,0
17836.0,16,1,110.21000000000001,0.15,0,0
17837.0,11,8,1593.38,0.63,1,0
17838.0,58,4,2312.7,0.73,1,1
17839.0,11,1,338.8,0.53,1,0
17841.0,0,110,33499.22,1.0,1,1
17843.0,272,1,205.48,0.01,0,0
17844.0,76,1,51.559999999999995,0.0,0,0
17846.0,54,1,2033.1,0.01,0,0
17848.0,50,9,901.1999999999999,0.14,0,0
17849.0,187,4,605.8000000000001,0.04,0,0
17850.0,341,34,5391.21,0.11,0,0
17854.0,154,2,311.26,0.1,0,0
17855.0,342,1,208.97,0.07,0,0
17856.0,202,3,1142.63,0.74,1,1
17857.0,2,19,20283.44,0.89,1,1
17858.0,23,11,4391.94,0.98,1,1
17859.0,274,1,148.21,0.0,0,0
17860.0,338,1,252.8,0.05,0,0
17861.0,105,5,1301.57,0.6,1,1
17862.0,293,1,330.9,0.05,0,0
17863.0,28,6,3160.0,0.03,0,0
17864.0,58,2,480.72,0.65,1,1
17865.0,0,20,10526.32,0.29,0,0
17866.0,112,1,329.65,0.05,0,0
17867.0,113,4,957.48,0.88,1,1
17869.0,76,5,428.18,0.11,0,0
17870.0,1,10,1253.42,0.75,1,1
17871.0,174,1,155.9,0.07,0,0
17873.0,49,5,1859.16,0.33,0,0
17874.0,154,6,683.46,0.39,0,0
17877.0,139,1,237.61,0.38,0,0
17878.0,13,1,379.45,0.0,0,0
17879.0,143,1,178.51999999999998,0.0,0,0
17880.0,334,1,458.92,0.08,0,0
17881.0,273,1,133.35000000000002,0.0,0,0
17883.0,55,2,197.8,0.82,1,1
17884.0,281,3,602.84,0.43,0,1
17886.0,1,3,899.61,0.13,0,0
17887.0,98,1,111.35,0.24,0,0
17888.0,7,7,654.05,0.88,1,1
17889.0,181,2,203.87,0.0,0,0
17890.0,292,2,602.09,0.04,0,0
17891.0,131,1,203.85999999999999,0.08,0,0
17892.0,25,3,244.1,0.2,0,0
17893.0,194,1,112.25,0.01,0,0
17894.0,41,8,1119.81,0.31,0,0
17895.0,13,1,98.0,0.21,0,0
17897.0,142,3,566.6,0.03,0,0
17898.0,54,2,152.06,0.35,0,0
17899.0,128,1,155.8,0.01,0,0
17900.0,159,2,112.19999999999999,0.0,0,0
17905.0,40,4,800.24,0.22,0,0
17906.0,216,1,72.9,0.09,0,0
17908.0,343,1,243.28,0.05,0,0
17912.0,279,5,311.01,0.03,0,0
17913.0,28,2,411.6,0.01,0,0
17917.0,14,3,341.28,0.04,0,0
17919.0,57,1,1304.04,0.01,0,0
17920.0,2,12,3210.34,0.91,1,1
17921.0,33,4,826.52,0.28,0,0
17923.0,251,1,207.50000000000003,0.02,0,0
17924.0,8,5,2669.94,0.8,1,1
17925.0,342,1,244.08,0.13,0,0
17926.0,102,2,397.29,0.38,0,0
17928.0,14,2,212.54,0.16,0,0
17929.0,82,3,707.0,0.33,0,1
17930.0,5,5,1740.48,0.21,0,0
17931.0,103,2,408.36,0.22,0,0
17932.0,143,2,934.51,0.7,1,1
17934.0,21,2,704.25,0.36,0,0
17935.0,107,2,145.79,0.13,0,0
17937.0,0,6,3940.92,0.74,1,1
17939.0,129,1,99.14,0.01,0,0
17940.0,18,10,4106.4400000000005,0.89,1,0
17941.0,100,1,304.56,0.02,0,0
17946.0,202,2,149.57999999999998,0.01,0,0
17947.0,6,1,176.68,0.18,0,0
17948.0,116,1,358.56000000000006,0.05,0,0
17949.0,12,39,54915.76,1.0,1,1
17950.0,41,3,482.2,0.13,0,0
17951.0,9,3,1008.5400000000001,0.19,0,0
17954.0,37,11,2039.76,0.97,1,1
17955.0,168,4,557.3,0.07,0,0
17956.0,218,1,12.75,0.06,0,0
17957.0,35,1,111.68,0.02,0,0
17958.0,86,1,508.4599999999999,0.06,0,0
17960.0,140,1,73.78,0.41,0,0
17961.0,0,37,1279.79,0.92,1,1
17962.0,111,1,102.83,0.26,0,0
17964.0,1,2,471.7,0.27,0,0
17965.0,7,14,2622.57,0.34,0,0
17966.0,7,5,1098.43,0.2,0,0
17967.0,341,1,123.07,0.03,0,0
17968.0,343,1,277.35,0.08,0,0
17969.0,135,2,228.2,0.06,0,0
17970.0,180,1,582.59,0.05,0,0
17972.0,211,1,136.04,0.0,0,0
17973.0,21,1,337.04,0.13,0,0
17974.0,13,2,308.32,0.53,1,1
17975.0,33,12,4241.1900000000005,0.86,1,1
17976.0,341,1,353.19,0.1,0,0
17978.0,334,1,300.91999999999996,0.0,0,0
17979.0,5,4,757.71,0.21,0,0
17980.0,135,3,811.45,0.09,0,0
17984.0,114,1,152.68,0.19,0,0
17986.0,25,1,20.8,0.13,0,0
17987.0,154,1,198.57,0.08,0,0
17988.0,86,5,146.0,0.53,1,1
17990.0,206,3,630.84,0.18,0,0
17991.0,194,2,93.35,0.05,0,0
17994.0,91,4,678.49,0.11,0,0
17995.0,251,1,76.1,0.11,0,0
17997.0,43,8,1970.6699999999998,0.89,1,0
17999.0,6,2,382.06,0.04,0,0
18001.0,56,1,252.23,0.21,0,1
18004.0,331,1,169.47,0.03,0,0
18005.0,16,1,139.97,0.66,1,1
18008.0,39,9,2116.19,0.91,1,0
18009.0,204,1,257.34,0.02,0,0
18010.0,226,1,174.8,0.12,0,0
18011.0,342,1,102.78999999999999,0.12,0,0
18013.0,124,2,187.29,0.1,0,0
18016.0,1,5,1483.56,0.25,0,0
18017.0,50,3,523.0,0.26,0,0
18018.0,77,2,122.14,0.11,0,0
18019.0,21,1,38.45,0.45,0,0
18022.0,5,1,668.11,0.06,0,0
18024.0,122,2,389.78,0.07,0,0
18027.0,68,1,115.31,0.05,0,0
18030.0,11,1,121.1,0.66,1,1
18032.0,303,1,73.5,0.29,0,0
18033.0,34,1,97.97,0.0,0,0
18035.0,5,3,730.4,0.66,1,0
18036.0,1,3,405.62,0.21,0,0
18037.0,123,6,70.02,0.13,0,0
18040.0,215,1,239.0,0.71,1,1
18041.0,6,19,3695.05,0.99,1,1
18042.0,23,1,165.04999999999998,0.06,0,0
18043.0,176,2,451.81,0.62,1,1
18044.0,6,9,1877.7,0.79,1,1
18045.0,14,1,189.4,0.07,0,0
18048.0,172,2,172.29000000000002,0.01,0,0
18050.0,328,1,74.4,0.24,0,0
18053.0,40,1,300.02,0.12,0,0
18055.0,9,9,5920.42,0.97,1,1
18056.0,257,1,363.65,0.01,0,0
18059.0,13,2,219.86,0.71,1,1
18061.0,35,9,2027.01,0.91,1,1
18062.0,142,3,720.52,0.14,0,0
18064.0,102,2,814.0,0.22,0,0
18065.0,56,11,1949.19,0.93,1,1
18066.0,44,1,318.0,0.07,0,0
18067.0,9,1,396.33,0.17,0,0
18068.0,258,1,101.69999999999999,0.0,0,0
18069.0,57,4,1781.97,0.75,1,1
18071.0,227,2,453.0,0.12,0,0
18072.0,155,1,247.44,0.19,0,0
18073.0,83,12,3877.5200000000004,0.15,0,0
18074.0,343,1,489.6,0.03,0,0
18075.0,29,9,2257.77,0.45,0,1
18077.0,3,10,2377.67,0.92,1,1
18078.0,186,2,336.13,0.01,0,0
18079.0,14,4,3651.97,0.2,0,0
18080.0,212,1,841.4999999999999,0.67,1,1
18081.0,5,3,343.45,0.06,0,0
18085.0,299,2,689.95,0.14,0,0
18086.0,243,1,101.34,0.05,0,0
18087.0,67,2,4055.7199999999993,0.13,0,0
18088.0,30,1,167.67000000000002,0.08,0,0
18092.0,8,10,8506.42,0.97,1,1
18093.0,62,4,2106.52,0.13,0,0
18094.0,51,7,3017.3,0.22,0,0
18095.0,282,2,580.0500000000001,0.02,0,0
18096.0,26,2,622.71,0.12,0,1
18097.0,96,5,2011.4,0.58,1,1
18099.0,96,1,168.31,0.2,0,0
18101.0,112,1,110.23,0.68,1,1
18102.0,5,56,247885.68,1.0,1,1
18104.0,6,1,754.64,0.17,0,0
18105.0,7,1,113.48000000000002,0.1,0,0
18106.0,299,1,430.7,0.0,0,0
18108.0,223,1,271.0,0.17,0,0
18109.0,0,22,6159.72,0.99,1,1
18112.0,135,1,196.64,0.67,1,1
18113.0,338,1,76.32000000000001,0.01,0,0
18114.0,259,1,220.1,0.09,0,0
18116.0,37,8,1418.03,0.63,1,0
18118.0,14,23,4991.79,1.0,1,1
18119.0,337,1,181.12,0.09,0,0
18120.0,183,1,111.15,0.0,0,0
18121.0,118,2,673.1,0.23,0,0
18122.0,5,4,962.48,0.44,0,1
18123.0,0,1,323.47999999999996,0.7,1,1
18125.0,171,3,945.14,0.58,1,1
18126.0,30,1,206.82999999999998,0.0,0,0
18127.0,103,1,139.6,0.65,1,1
18129.0,212,1,112.55000000000001,0.0,0,0
18130.0,26,1,313.86,0.6,1,1
18133.0,181,1,931.4999999999999,0.15,0,0
18135.0,1,4,552.3100000000001,0.51,1,1
18136.0,32,3,784.33,0.32,0,0
18138.0,264,1,152.65,0.0,0,0
18142.0,126,2,1019.52,0.07,0,0
18143.0,86,2,1000.16,0.02,0,0
18144.0,0,11,2656.75,0.91,1,1
18145.0,57,3,2103.25,0.84,1,1
18146.0,110,2,160.35000000000002,0.03,0,0
18147.0,15,2,179.33999999999997,0.06,0,0
18149.0,20,3,612.0799999999999,0.64,1,0
18150.0,1,3,566.58,0.19,0,0
18151.0,104,2,653.35,0.0,0,0
18154.0,13,1,220.48999999999998,0.03,0,1
18155.0,44,3,371.62,0.19,0,0
18156.0,339,1,206.23000000000002,0.66,1,1
18158.0,58,1,343.8,0.24,0,1
18159.0,270,1,530.15,0.01,0,0
18160.0,26,2,638.0600000000001,0.02,0,0
18161.0,34,4,1156.69,0.82,1,1
18164.0,6,1,399.65000000000003,0.23,0,0
18165.0,146,1,302.46000000000004,0.06,0,0
18167.0,4,2,889.08,0.78,1,1
18168.0,145,6,1169.94,0.59,1,0
18169.0,30,1,202.65,0.0,0,0
18170.0,2,3,980.31,0.1,0,0
18171.0,28,5,1231.31,0.44,0,0
18172.0,0,19,7153.68,0.73,1,1
18173.0,56,4,2106.84,0.12,0,0
18176.0,327,1,476.35,0.01,0,0
18177.0,0,6,1341.42,0.43,0,0
18178.0,98,4,1590.81,0.08,0,0
18179.0,22,5,1572.5900000000001,0.54,1,1
18180.0,29,5,1533.02,0.75,1,1
18183.0,196,2,632.07,0.11,0,0
18185.0,218,1,304.25,0.06,0,0
18188.0,46,2,1608.28,0.77,1,1
18189.0,47,2,1090.24,0.13,0,0
18190.0,161,2,284.46000000000004,0.12,0,0
18191.0,231,1,207.79999999999998,0.1,0,0
18192.0,41,1,957.97,0.12,0,0
18193.0,134,1,243.76,0.21,0,0
18194.0,51,1,973.8399999999999,0.06,0,0
18196.0,64,2,689.13,0.36,0,0
18198.0,0,16,5107.110000000001,0.9,1,1
18200.0,75,1,163.8,0.03,0,0
18202.0,169,3,1396.99,0.12,0,0
18203.0,126,1,160.42000000000002,0.08,0,0
18204.0,40,3,1993.7,0.3,0,0
18205.0,5,2,517.36,0.1,0,0
18210.0,20,2,1400.77,0.73,1,1
18211.0,12,4,550.87,0.72,1,1
18212.0,295,1,248.42,0.04,0,0
18213.0,206,1,232.48000000000002,0.04,0,0
18215.0,58,1,299.34000000000003,0.08,0,0
18216.0,0,1,481.75,0.12,0,0
18217.0,40,1,317.90000000000003,0.66,1,1
18218.0,180,2,662.08,0.35,0,0
18219.0,12,9,1827.4,0.8,1,1
18220.0,196,1,305.28000000000003,0.05,0,0
18221.0,33,4,878.66,0.77,1,1
18222.0,62,1,443.0,0.07,0,0
18223.0,9,13,5905.82,0.98,1,1
18224.0,233,1,158.95000000000002,0.03,0,0
18225.0,12,9,4452.14,0.98,1,1
18226.0,13,11,5228.05,0.91,1,0
18227.0,187,1,93.75,0.0,0,0
18228.0,26,2,779.9,0.06,0,0
18229.0,1,18,6591.2,0.92,1,1
18230.0,63,5,2146.36,0.92,1,1
18231.0,161,5,2083.27,0.17,0,0
18232.0,51,4,592.97,0.12,0,0
18233.0,295,1,440.0,0.03,0,0
18235.0,41,3,1796.48,0.13,0,0
18236.0,49,5,773.74,0.9,1,1
18237.0,34,4,861.35,0.73,1,1
18239.0,188,5,1561.6100000000001,0.21,0,0
18240.0,15,1,422.58,0.05,0,0
18241.0,19,16,1955.55,0.88,1,1
18242.0,41,4,2232.4900000000002,0.15,0,0
18245.0,118,6,1672.81,0.73,1,1
18246.0,202,1,232.9,0.09,0,1
18248.0,92,2,804.02,0.18,0,0
18250.0,279,1,349.27,0.01,0,0
18251.0,56,1,4314.72,0.04,0,0
18252.0,20,2,526.67,0.19,0,0
18255.0,58,1,103.3,0.06,0,0
18257.0,8,8,2337.63,0.2,0,0
18259.0,54,2,1268.2,0.69,1,1
18260.0,142,6,2643.2000000000003,0.26,0,0
18261.0,12,2,324.24,0.2,0,0
18262.0,109,1,149.48,0.09,0,0
18263.0,125,2,811.4,0.72,1,1
18265.0,41,2,801.51,0.04,0,0
18268.0,103,1,25.5,0.01,0,0
18269.0,335,1,168.6,0.13,0,0
18270.0,7,2,283.15,0.15,0,0
18272.0,15,5,2710.7,0.8,1,1
18273.0,65,2,153.0,0.7,1,1
18276.0,13,1,335.86,0.08,0,0
18277.0,27,1,110.38,0.01,0,0
18278.0,43,1,173.9,0.01,0,0
18280.0,247,1,180.60000000000002,0.0,0,0
18281.0,150,1,80.82,0.12,0,0
18282.0,95,1,100.21000000000001,0.19,0,1
18283.0,12,11,1235.32,0.84,1,1
18287.0,12,3,1837.28,0.13,0,0
